-- MySQL dump 10.13  Distrib 8.0.12, for Win64 (x86_64)
--
-- Host: localhost    Database: mlb
-- ------------------------------------------------------
-- Server version	8.0.12

/*!40101 SET @OLD_CHARACTER_SET_CLIENT=@@CHARACTER_SET_CLIENT */;
/*!40101 SET @OLD_CHARACTER_SET_RESULTS=@@CHARACTER_SET_RESULTS */;
/*!40101 SET @OLD_COLLATION_CONNECTION=@@COLLATION_CONNECTION */;
 SET NAMES utf8mb4 ;
/*!40103 SET @OLD_TIME_ZONE=@@TIME_ZONE */;
/*!40103 SET TIME_ZONE='+00:00' */;
/*!40014 SET @OLD_UNIQUE_CHECKS=@@UNIQUE_CHECKS, UNIQUE_CHECKS=0 */;
/*!40014 SET @OLD_FOREIGN_KEY_CHECKS=@@FOREIGN_KEY_CHECKS, FOREIGN_KEY_CHECKS=0 */;
/*!40101 SET @OLD_SQL_MODE=@@SQL_MODE, SQL_MODE='NO_AUTO_VALUE_ON_ZERO' */;
/*!40111 SET @OLD_SQL_NOTES=@@SQL_NOTES, SQL_NOTES=0 */;

--
-- Table structure for table `mlb_batting_stats`
--

DROP TABLE IF EXISTS `mlb_batting_stats`;
/*!40101 SET @saved_cs_client     = @@character_set_client */;
 SET character_set_client = utf8mb4 ;
CREATE TABLE `mlb_batting_stats` (
  `MLB_BATTING_STATS_ID` int(11) NOT NULL AUTO_INCREMENT,
  `MLB_PLAYER_ID` int(11) DEFAULT NULL,
  `MLB_TEAM_ID` int(11) DEFAULT NULL,
  `YEAR` int(11) DEFAULT NULL,
  `AT_BATS` int(11) DEFAULT NULL,
  `HITS` int(11) DEFAULT NULL,
  `DOUBLES` int(11) DEFAULT NULL,
  `TRIPLES` int(11) DEFAULT NULL,
  `HOME_RUNS` int(11) DEFAULT NULL,
  `WALKS` int(11) DEFAULT NULL,
  `STRIKEOUTS` int(11) DEFAULT NULL,
  `HIT_BY_PITCH` int(11) DEFAULT NULL,
  `RUNS` int(11) DEFAULT NULL,
  `RBIS` int(11) DEFAULT NULL,
  `STOLEN_BASES` int(11) DEFAULT NULL,
  `PLATE_APPEARANCES` int(11) DEFAULT NULL,
  `CAUGHT_STEALING` int(11) DEFAULT NULL,
  PRIMARY KEY (`MLB_BATTING_STATS_ID`),
  UNIQUE KEY `BS_CONST1` (`MLB_PLAYER_ID`,`MLB_TEAM_ID`,`YEAR`)
) ENGINE=InnoDB AUTO_INCREMENT=9818 DEFAULT CHARSET=utf8mb4 COLLATE=utf8mb4_0900_ai_ci;
/*!40101 SET character_set_client = @saved_cs_client */;

--
-- Dumping data for table `mlb_batting_stats`
--

LOCK TABLES `mlb_batting_stats` WRITE;
/*!40000 ALTER TABLE `mlb_batting_stats` DISABLE KEYS */;
INSERT INTO `mlb_batting_stats` VALUES (9363,500743,146,2019,483,137,29,1,5,32,62,5,52,46,9,526,5),(9364,553993,113,2019,575,156,22,2,49,70,189,11,87,103,3,662,2),(9365,595978,135,2019,312,55,9,0,11,27,109,5,28,36,1,347,0),(9366,593934,142,2019,380,94,19,2,34,55,159,3,76,79,0,439,1),(9367,621573,146,2019,178,40,14,0,6,9,47,0,17,21,0,189,2),(9368,451594,138,2019,487,116,24,1,19,74,142,8,69,67,8,574,5),(9369,456715,158,2019,562,146,30,0,11,50,106,6,75,48,18,623,8),(9370,543768,158,2019,230,36,5,0,7,36,89,4,22,16,0,270,0),(9371,446481,143,2019,112,25,5,0,4,19,41,3,24,12,1,139,1),(9372,543760,133,2019,657,187,43,7,33,87,102,2,123,92,10,747,8),(9373,457759,119,2019,479,139,24,0,27,51,88,14,80,67,2,549,0),(9374,493596,116,2019,223,48,13,2,6,13,68,4,29,15,3,240,1),(9375,605204,121,2019,410,126,22,1,22,38,97,3,65,57,3,453,0),(9376,475174,145,2019,219,39,6,0,7,29,53,1,23,27,0,251,1),(9377,519203,112,2019,512,150,29,3,27,71,86,27,89,94,5,613,2),(9378,457763,137,2019,405,104,24,0,7,34,71,4,43,38,0,445,0),(9379,663586,144,2019,274,62,11,1,18,16,108,5,41,49,0,297,2),(9380,642082,110,2019,167,35,7,0,8,22,61,9,29,20,0,198,1),(9381,431145,119,2019,209,46,5,0,6,30,60,8,29,20,1,249,0),(9382,642086,121,2019,177,50,10,0,11,19,44,1,35,25,1,197,2),(9383,571431,120,2019,310,70,14,0,20,20,115,2,42,56,0,333,0),(9384,571448,115,2019,588,185,31,2,41,62,93,4,102,118,3,662,2),(9385,519222,147,2019,228,64,12,0,8,10,50,0,29,35,1,240,1),(9386,543807,117,2019,479,140,20,3,39,67,113,6,96,96,6,556,2),(9387,605233,141,2019,93,15,2,0,6,14,43,0,14,12,1,107,0),(9388,435263,144,2019,277,69,9,0,12,31,53,2,28,45,0,316,0),(9389,596019,114,2019,598,170,40,2,32,46,98,3,101,74,22,654,5),(9390,452678,140,2019,323,76,15,0,12,38,85,3,45,51,4,368,0),(9391,452678,120,2019,124,40,10,1,6,19,18,0,24,40,0,146,0),(9392,571466,113,2019,316,73,14,0,11,44,83,2,32,40,1,364,0),(9393,622666,144,2019,232,54,12,1,7,15,43,0,31,32,1,248,0),(9394,444482,109,2019,382,105,29,3,12,35,87,5,48,57,0,423,0),(9395,456781,137,2019,215,71,13,1,4,10,49,1,27,23,0,228,1),(9396,608324,117,2019,554,164,37,2,41,119,83,9,122,112,5,690,1),(9397,457803,136,2019,165,35,11,0,14,16,53,1,27,28,1,184,0),(9398,457803,143,2019,145,32,6,0,12,3,29,0,16,31,0,149,0),(9399,444489,158,2019,158,36,8,0,7,16,50,4,10,25,0,179,0),(9400,642136,108,2019,147,31,7,0,8,17,52,0,17,23,0,164,0),(9401,606299,113,2019,376,90,18,2,6,17,58,8,37,33,7,403,6),(9402,594011,146,2019,105,21,6,0,2,11,27,2,10,11,4,119,1),(9403,596059,140,2019,522,107,30,1,30,52,178,5,77,93,11,581,9),(9404,622682,116,2019,276,84,16,5,3,14,64,0,29,25,9,292,3),(9405,650333,142,2019,326,109,20,1,4,36,29,1,54,28,2,366,2),(9406,608348,109,2019,314,77,19,0,18,48,79,2,46,47,0,365,0),(9407,608336,140,2019,241,61,15,1,22,52,114,2,54,49,4,297,2),(9408,448602,115,2019,135,23,7,0,4,22,57,2,13,20,2,162,0),(9409,642133,141,2019,370,84,19,0,21,29,116,7,49,54,1,409,1),(9410,543829,136,2019,393,108,12,6,3,18,61,1,36,34,22,421,5),(9411,608365,112,2019,215,51,4,1,9,20,58,3,25,23,2,241,0),(9412,467055,137,2019,272,73,23,0,14,18,67,1,42,41,1,296,0),(9413,646240,111,2019,647,201,54,4,32,48,119,4,129,115,8,702,8),(9414,475253,141,2019,414,86,16,0,22,79,106,6,54,61,0,500,0),(9415,664702,117,2019,108,29,4,2,0,19,24,0,27,7,8,128,1),(9416,607345,108,2019,191,48,12,0,5,16,37,3,21,20,2,211,0),(9417,608369,119,2019,489,133,44,1,19,44,98,4,82,87,1,541,0),(9418,570481,134,2019,142,36,4,1,1,9,37,1,15,6,4,156,1),(9419,571506,108,2019,151,26,5,0,8,17,52,1,18,26,0,170,0),(9420,570482,147,2019,442,139,34,0,21,25,87,5,73,74,1,476,1),(9421,642165,113,2019,228,54,13,1,8,29,56,2,33,23,9,260,3),(9422,500871,109,2019,636,171,29,10,35,50,130,3,94,118,5,699,1),(9423,596105,110,2019,357,86,16,3,13,26,82,4,46,53,5,392,1),(9424,647304,135,2019,253,63,15,0,8,25,64,0,29,32,1,279,1),(9425,519299,141,2019,287,86,17,2,10,29,47,1,45,30,6,323,0),(9426,519299,139,2019,109,29,6,0,3,9,16,1,14,10,2,119,0),(9427,665742,120,2019,542,153,32,5,34,108,132,3,110,110,12,659,1),(9428,547982,114,2019,236,47,7,0,9,21,78,4,32,19,4,264,5),(9429,608385,113,2019,338,91,17,2,16,38,60,8,51,38,0,384,2),(9430,656514,143,2019,222,59,14,0,5,14,60,5,30,26,4,242,0),(9431,608384,143,2019,106,16,4,0,2,4,43,2,9,5,0,112,0),(9432,543877,111,2019,482,133,26,1,23,33,101,0,66,72,4,521,2),(9433,642180,147,2019,94,23,3,1,2,11,28,1,16,11,7,108,0),(9434,500874,138,2019,334,90,13,2,10,35,82,2,45,42,3,373,0),(9435,668804,134,2019,491,154,37,4,16,46,121,6,83,68,3,546,2),(9436,596103,137,2019,168,40,9,3,5,22,59,2,20,21,1,192,0),(9437,501896,119,2019,162,51,13,0,11,23,44,1,35,29,0,186,0),(9438,467092,121,2019,473,136,19,0,14,44,69,4,52,73,1,524,0),(9439,645277,144,2019,640,189,43,8,24,54,112,4,102,86,15,702,4),(9440,465041,134,2019,109,21,3,0,1,9,31,4,11,5,1,123,0),(9441,643217,111,2019,541,144,40,5,13,59,140,7,72,68,10,615,3),(9442,596115,115,2019,588,173,38,5,35,58,174,7,111,85,23,656,8),(9443,547989,145,2019,634,180,38,1,33,36,152,13,85,123,2,693,2),(9444,650391,145,2019,468,125,18,2,31,30,134,4,69,79,0,504,0),(9445,657557,138,2019,583,136,31,1,30,62,149,13,97,78,9,664,5),(9446,443558,142,2019,454,141,26,0,41,56,131,7,81,108,0,521,1),(9447,656555,143,2019,570,129,33,5,29,116,173,11,86,85,2,705,2),(9448,546991,112,2019,339,80,11,1,12,16,62,1,41,32,2,363,1),(9449,596142,147,2019,396,92,12,1,34,40,125,9,62,77,0,446,1),(9450,596129,136,2019,462,96,17,0,30,92,149,2,73,76,0,558,0),(9451,650402,147,2019,546,152,26,0,38,48,129,3,96,90,5,604,2),(9452,660670,144,2019,626,175,22,2,41,76,188,9,127,101,37,715,9),(9453,547004,110,2019,370,86,13,2,12,40,88,0,35,46,0,413,1),(9454,519346,158,2019,396,98,23,2,25,51,140,10,67,61,3,459,2),(9455,596144,118,2019,309,76,14,0,9,19,67,2,24,40,1,330,0),(9456,459964,144,2019,200,59,10,0,7,38,45,0,32,23,0,238,0),(9457,596146,142,2019,524,132,32,0,36,60,99,8,98,90,1,596,5),(9458,645302,120,2019,546,139,33,3,17,35,140,25,86,65,28,617,9),(9459,542921,136,2019,304,72,21,1,15,21,102,3,39,47,1,328,3),(9460,663757,158,2019,156,36,6,2,6,20,48,4,24,24,1,183,0),(9461,570560,145,2019,496,125,20,4,2,44,117,5,59,43,5,555,4),(9462,643265,146,2019,381,107,16,1,15,33,110,5,52,50,0,421,0),(9463,543939,138,2019,478,136,25,4,11,47,83,13,61,59,24,549,4),(9464,643289,137,2019,104,29,5,0,4,5,19,0,12,9,3,109,1),(9465,608475,116,2019,273,67,11,4,6,8,59,3,28,26,0,288,0),(9466,488671,109,2019,164,34,8,0,9,36,68,1,22,24,1,201,0),(9467,519390,137,2019,255,67,24,2,10,20,66,1,30,40,3,280,1),(9468,501981,133,2019,481,106,11,0,23,47,146,3,61,73,0,533,0),(9469,542932,146,2019,256,70,14,1,6,24,73,6,52,24,17,287,3),(9470,600303,108,2019,292,86,8,0,16,20,28,3,49,44,0,321,0),(9471,607461,119,2019,249,66,19,1,9,17,33,2,36,46,5,268,0),(9472,605412,137,2019,344,81,17,1,3,36,38,3,33,27,4,388,2),(9473,605412,121,2019,94,26,4,1,2,7,9,1,17,12,0,103,0),(9474,598265,111,2019,494,111,28,3,21,56,155,12,69,62,8,567,6),(9475,650489,116,2019,100,23,6,1,1,6,34,2,10,8,0,110,1),(9476,657656,133,2019,434,125,29,0,24,27,123,11,79,67,13,481,2),(9477,592122,137,2019,130,24,2,1,8,17,57,0,24,20,1,147,0),(9478,650490,139,2019,307,82,20,1,14,35,61,1,53,38,2,347,2),(9479,571657,113,2019,183,42,6,0,9,10,59,3,22,27,4,197,1),(9480,593160,118,2019,681,206,41,10,16,45,126,5,105,74,20,735,10),(9481,668942,109,2019,138,30,7,0,2,18,41,1,17,16,4,157,2),(9482,606466,109,2019,569,187,36,9,32,53,86,4,97,92,10,628,2),(9483,542979,110,2019,103,21,3,0,4,8,49,0,14,9,4,112,1),(9484,520471,141,2019,450,120,24,1,18,21,112,0,55,54,4,473,1),(9485,520471,113,2019,107,25,4,0,5,7,33,1,12,16,0,116,1),(9486,488726,117,2019,575,179,40,2,22,51,66,7,88,90,3,637,2),(9487,462101,140,2019,600,165,27,4,12,34,96,4,81,72,31,648,8),(9488,656669,114,2019,225,62,15,1,15,33,61,2,42,38,3,261,2),(9489,458015,113,2019,525,137,32,1,15,76,123,4,79,47,5,608,0),(9490,623912,146,2019,421,116,20,3,11,18,91,5,54,50,2,446,1),(9491,605480,136,2019,510,116,19,9,6,42,141,11,70,37,46,566,9),(9492,502054,139,2019,567,155,33,2,21,81,123,5,77,68,25,654,4),(9493,448801,110,2019,307,55,9,0,12,39,139,3,26,36,0,352,0),(9494,605486,158,2019,95,22,2,2,2,6,36,0,11,10,3,102,0),(9495,641313,145,2019,498,167,32,0,18,15,109,3,81,56,17,518,5),(9496,642336,135,2019,226,60,11,2,8,13,56,4,27,22,1,244,1),(9497,460075,158,2019,459,131,31,2,22,34,105,8,70,75,11,508,1),(9498,455976,144,2019,414,118,25,2,9,47,59,2,61,62,2,469,0),(9499,460086,118,2019,556,148,31,1,13,51,100,19,77,76,5,633,3),(9500,453943,121,2019,447,112,19,2,21,40,106,12,63,67,1,499,2),(9501,641343,114,2019,372,84,16,1,12,45,115,3,46,43,3,423,3),(9502,643376,141,2019,347,72,12,1,13,31,79,4,41,43,0,384,1),(9503,592178,112,2019,543,153,35,1,31,74,145,15,108,77,4,634,0),(9504,605490,118,2019,186,40,7,0,4,9,56,1,26,12,2,197,0),(9505,592200,113,2019,207,52,9,0,8,25,59,1,24,32,0,236,0),(9506,641355,119,2019,558,170,34,3,47,95,108,3,121,115,15,661,5),(9507,435522,146,2019,337,88,19,1,8,42,77,1,37,38,3,381,0),(9508,488771,142,2019,237,55,9,0,13,33,88,3,39,30,0,275,0),(9509,592206,116,2019,403,110,37,3,11,31,96,3,57,37,2,439,1),(9510,592206,112,2019,212,68,21,0,16,10,47,2,43,36,0,225,1),(9511,516416,143,2019,576,161,37,4,12,30,73,8,79,60,10,618,2),(9512,643393,117,2019,163,37,6,2,7,16,29,4,23,17,4,186,3),(9513,608577,140,2019,429,115,27,1,19,28,108,6,69,66,4,469,1),(9514,592192,133,2019,410,112,16,3,26,67,107,18,80,58,3,497,2),(9515,605508,145,2019,144,33,5,0,1,10,38,3,16,12,4,157,0),(9516,643396,140,2019,202,48,12,1,1,14,49,4,23,21,3,222,0),(9517,571718,108,2019,413,108,29,3,17,38,129,3,65,47,7,458,3),(9518,572761,138,2019,416,94,20,2,15,63,129,7,59,46,6,492,1),(9519,666971,141,2019,314,87,19,2,20,20,86,5,52,50,6,343,4),(9520,643418,136,2019,152,40,12,1,5,16,40,0,21,15,3,168,3),(9521,571740,118,2019,275,58,12,2,0,25,74,0,32,12,18,305,5),(9522,543068,142,2019,458,116,24,0,25,29,107,10,51,78,0,499,0),(9523,595281,139,2019,447,102,20,7,14,26,104,5,60,55,19,480,5),(9524,502110,111,2019,575,175,33,2,36,72,138,4,98,105,2,657,0),(9525,670032,118,2019,379,91,22,2,2,18,51,1,44,30,1,402,1),(9526,649557,117,2019,210,57,12,1,9,26,28,5,36,40,2,247,0),(9527,608597,140,2019,256,56,20,0,10,32,87,3,34,36,1,295,2),(9528,595284,143,2019,136,29,9,0,2,18,51,3,12,8,0,160,0),(9529,608596,136,2019,260,71,12,1,18,19,87,1,32,40,2,281,0),(9530,543063,137,2019,500,114,24,2,11,53,117,3,58,59,3,560,2),(9531,435559,120,2019,280,74,11,0,17,20,36,6,37,63,0,309,1),(9532,570731,142,2019,433,111,23,1,23,20,116,10,61,59,1,464,1),(9533,547180,143,2019,573,149,36,1,35,99,178,6,98,114,15,682,3),(9534,545121,109,2019,201,54,9,1,6,9,24,0,25,24,1,211,0),(9535,571745,136,2019,246,54,13,1,15,30,81,5,46,32,4,283,0),(9536,547172,115,2019,359,94,17,2,1,36,68,8,42,42,0,411,1),(9537,623993,110,2019,380,99,20,1,20,19,86,2,46,59,1,405,2),(9538,650619,118,2019,133,28,7,0,1,10,44,0,7,15,0,148,1),(9539,571771,119,2019,414,98,19,1,17,36,97,6,57,64,4,460,0),(9540,643446,121,2019,510,162,38,1,23,35,75,21,83,75,5,567,6),(9541,571788,111,2019,259,77,14,2,3,28,57,4,38,31,1,295,0),(9542,456078,145,2019,230,48,12,0,12,16,74,3,19,41,0,251,0),(9543,543105,137,2019,155,45,13,3,6,13,35,2,28,26,1,171,1),(9544,592261,140,2019,357,89,15,4,4,38,100,3,42,32,24,408,6),(9545,641432,140,2019,309,83,14,1,21,23,53,3,51,48,0,337,0),(9546,600474,110,2019,305,76,13,0,13,29,73,4,37,44,3,341,1),(9547,466320,134,2019,378,106,22,1,7,17,41,1,43,47,2,397,0),(9548,572816,134,2019,127,40,18,0,4,13,23,0,20,25,1,142,0),(9549,572816,143,2019,133,39,10,2,8,3,33,0,13,34,0,137,0),(9550,592273,141,2019,418,91,21,1,15,25,113,1,43,41,0,447,1),(9551,572821,120,2019,416,99,20,0,20,61,105,4,54,50,3,482,4),(9552,435622,115,2019,443,113,31,4,20,34,119,2,64,65,3,482,3),(9553,500135,116,2019,276,61,12,3,14,13,82,0,29,43,3,294,1),(9554,656811,118,2019,328,64,13,1,14,39,99,1,32,38,0,370,1),(9555,605612,116,2019,354,103,10,4,5,9,86,0,30,38,4,369,2),(9556,595375,146,2019,132,25,6,0,6,5,42,2,15,12,0,139,0),(9557,575929,112,2019,360,98,18,2,24,38,102,9,57,64,1,409,2),(9558,663993,139,2019,152,40,8,0,7,13,50,2,24,19,0,169,0),(9559,608700,114,2019,158,35,10,0,3,12,31,3,13,17,0,174,1),(9560,640447,113,2019,236,64,11,7,7,18,63,4,30,23,4,260,3),(9561,641470,145,2019,86,16,3,1,3,14,39,1,10,12,0,102,0),(9562,475582,120,2019,171,44,9,0,6,17,39,0,20,27,0,190,0),(9563,518586,144,2019,135,35,5,2,5,6,44,1,14,20,0,144,1),(9564,640457,139,2019,530,154,29,7,33,54,131,7,83,89,12,591,7),(9565,640458,114,2019,438,118,25,3,15,28,84,5,70,54,15,482,4),(9566,621002,139,2019,207,44,9,1,2,24,59,6,23,19,2,237,2),(9567,518595,139,2019,327,86,16,0,16,30,80,2,50,67,0,365,1),(9568,640461,133,2019,341,82,21,0,13,20,88,5,45,47,0,370,1),(9569,621005,136,2019,111,30,7,0,1,15,29,1,11,12,6,128,3),(9570,600524,110,2019,541,132,24,0,31,44,143,10,72,90,1,599,1),(9571,502210,117,2019,501,138,19,3,14,36,66,0,57,56,5,550,2),(9572,455104,115,2019,144,32,10,0,6,18,54,1,20,21,0,164,0),(9573,641487,136,2019,345,78,21,4,7,43,83,2,43,46,5,396,3),(9574,621006,110,2019,283,59,8,3,6,14,83,6,29,23,10,309,1),(9575,640449,147,2019,225,60,14,0,12,16,70,2,31,38,1,246,2),(9576,607680,137,2019,595,157,37,3,21,18,86,9,82,87,14,628,5),(9577,455117,118,2019,238,54,15,0,6,17,55,5,26,17,0,263,0),(9578,641477,145,2019,217,48,8,0,7,19,69,3,22,24,3,247,1),(9579,592325,158,2019,311,77,18,0,7,40,104,3,47,33,2,356,2),(9580,474568,116,2019,256,69,16,0,9,13,57,2,24,22,0,271,0),(9581,518614,112,2019,168,29,5,1,2,23,57,0,20,15,2,194,1),(9582,621020,144,2019,483,121,26,3,17,51,124,5,77,65,10,545,5),(9583,592348,116,2019,423,105,27,5,12,46,138,1,61,45,12,472,3),(9584,664023,112,2019,140,37,7,1,11,15,39,0,25,30,2,156,0),(9585,518618,113,2019,251,47,8,2,19,28,74,25,41,43,1,306,1),(9586,641513,116,2019,169,38,7,2,3,14,63,1,24,10,3,186,0),(9587,621035,119,2019,366,96,29,4,12,37,115,4,52,52,8,414,0),(9588,664040,139,2019,296,80,17,2,17,25,113,5,42,51,5,327,0),(9589,643565,147,2019,260,72,18,1,13,34,71,1,46,47,6,296,0),(9590,518626,144,2019,549,142,33,0,37,100,155,8,96,94,4,659,2),(9591,455139,117,2019,366,87,22,1,17,51,125,13,57,58,1,437,2),(9592,664034,135,2019,184,43,8,1,7,9,49,7,20,24,0,201,2),(9593,596451,143,2019,108,23,3,1,4,12,34,1,18,11,8,122,0),(9594,571875,109,2019,187,36,8,2,6,32,55,5,26,30,1,226,0),(9595,621028,134,2019,493,152,20,6,12,28,62,7,61,64,16,531,8),(9596,664058,108,2019,596,173,30,4,6,55,64,0,83,49,8,653,3),(9597,641531,118,2019,523,146,29,10,26,55,148,3,75,84,2,586,2),(9598,664056,138,2019,347,71,14,3,12,46,117,10,54,39,11,406,3),(9599,543228,120,2019,314,70,16,0,12,38,84,5,36,43,2,358,0),(9600,452095,144,2019,271,62,11,3,11,31,105,6,36,34,0,310,0),(9601,621043,117,2019,280,78,16,1,21,35,75,2,42,59,1,321,0),(9602,641525,116,2019,391,97,20,4,15,21,136,4,41,52,5,420,1),(9603,607732,134,2019,191,50,5,0,6,16,40,2,26,13,0,210,0),(9604,571912,141,2019,119,18,2,1,2,8,33,0,9,9,1,129,0),(9605,607752,111,2019,144,31,4,1,6,11,36,1,17,16,2,157,0),(9606,502273,114,2019,177,49,8,0,4,22,61,4,27,24,1,213,2),(9607,546318,143,2019,126,28,10,1,1,11,33,1,12,16,2,139,2),(9608,592387,136,2019,169,40,16,0,7,13,40,1,24,26,0,187,0),(9609,664068,143,2019,458,118,34,4,19,34,147,5,64,55,15,500,4),(9610,543257,133,2019,420,101,21,3,6,59,86,1,57,38,9,482,4),(9611,622110,139,2019,147,37,8,0,1,19,29,2,12,12,0,169,1),(9612,641553,145,2019,227,55,10,2,6,14,78,6,26,26,3,248,3),(9613,643603,117,2019,218,49,14,0,3,32,74,0,16,21,0,253,0),(9614,593428,111,2019,614,190,52,0,33,76,122,2,110,117,4,698,2),(9615,592407,146,2019,115,32,6,0,4,11,21,1,12,12,0,129,1),(9616,445988,146,2019,245,57,9,0,2,12,41,0,26,15,0,260,0),(9617,518692,144,2019,597,176,34,2,38,87,127,6,113,121,6,692,3),(9618,542255,144,2019,199,49,11,2,5,26,41,4,30,24,7,230,1),(9619,656941,112,2019,529,132,29,3,38,70,156,5,82,92,2,610,3),(9620,669222,113,2019,375,96,20,4,12,30,101,3,55,42,14,414,5),(9621,501303,142,2019,202,55,8,3,5,20,40,6,34,22,0,236,2),(9622,669242,138,2019,326,99,17,7,11,16,61,7,59,36,15,349,1),(9623,592444,116,2019,298,70,19,3,11,27,94,6,39,26,7,333,2),(9624,545341,141,2019,586,136,29,5,31,35,163,5,75,80,2,628,1),(9625,641598,142,2019,311,85,16,1,31,41,87,5,70,67,0,359,0),(9626,543281,116,2019,137,24,7,1,1,6,27,2,10,8,4,147,2),(9627,547379,114,2019,389,93,9,1,24,45,127,4,46,63,0,449,0),(9628,571976,135,2019,435,104,22,1,18,51,168,2,58,53,16,490,7),(9629,543305,147,2019,221,52,10,0,12,31,72,0,41,36,1,255,2),(9630,669256,140,2019,116,34,6,1,5,15,29,4,19,17,2,135,0),(9631,669257,119,2019,170,43,9,0,15,18,52,5,30,42,2,196,0),(9632,571980,114,2019,274,79,19,0,10,14,66,2,34,34,4,294,2),(9633,543308,116,2019,319,67,15,0,13,13,109,0,29,35,1,333,1),(9634,518735,158,2019,513,126,26,2,28,109,139,5,79,77,5,632,1),(9635,571970,119,2019,487,122,22,1,35,90,149,8,101,98,4,589,1),(9636,592450,147,2019,378,103,18,1,27,64,141,3,75,55,3,447,2),(9637,666182,141,2019,196,61,18,0,11,14,50,1,32,21,4,212,4),(9638,545350,117,2019,292,68,16,3,10,17,95,6,46,34,10,318,3),(9639,622168,138,2019,172,46,7,1,2,7,37,1,20,13,8,181,3),(9640,542303,138,2019,485,117,23,1,29,62,114,1,80,89,12,549,2),(9641,545361,108,2019,470,137,27,2,45,110,120,16,110,104,11,600,2),(9642,434778,133,2019,108,22,1,1,1,14,20,3,9,7,0,126,0),(9643,572008,118,2019,135,18,4,1,2,8,55,2,9,9,4,145,1),(9644,650859,108,2019,357,85,18,3,7,40,93,5,44,33,2,406,5),(9645,429664,121,2019,390,100,28,0,13,25,69,5,46,39,0,423,0),(9646,429665,136,2019,241,58,7,0,21,41,55,4,48,49,0,289,1),(9647,429665,147,2019,177,44,11,0,13,17,48,3,33,37,0,197,0),(9648,543333,135,2019,619,164,29,2,22,40,163,3,72,99,0,667,3),(9649,641658,115,2019,299,74,9,4,8,24,88,0,40,27,15,327,3),(9650,445055,145,2019,165,44,8,0,0,8,30,3,12,9,0,182,0),(9651,544369,147,2019,324,77,14,2,16,17,53,1,47,61,2,344,1),(9652,593523,111,2019,148,37,7,0,2,3,42,3,18,11,1,155,2),(9653,628338,139,2019,204,46,13,0,5,18,60,6,31,20,2,231,2),(9654,572041,119,2019,308,82,15,1,15,23,74,7,49,47,5,342,1),(9655,572033,133,2019,314,75,18,0,12,15,63,6,44,62,0,342,1),(9656,542340,110,2019,642,176,33,5,24,61,176,4,111,73,40,714,9),(9657,628356,134,2019,172,29,7,1,10,11,60,1,15,24,0,185,0),(9658,518792,112,2019,513,129,20,4,21,68,110,5,78,62,8,589,3),(9659,572039,133,2019,357,89,17,1,13,29,84,3,46,44,2,393,0),(9660,592518,135,2019,587,150,21,2,32,65,128,6,81,85,5,661,3),(9661,642715,139,2019,531,135,25,1,20,46,153,3,69,52,4,584,2),(9662,452254,140,2019,286,85,17,1,18,26,69,2,53,59,6,316,1),(9663,642708,121,2019,616,177,30,7,15,31,124,3,75,72,19,655,10),(9664,645801,147,2019,143,37,7,0,12,17,28,3,30,25,0,163,0),(9665,572073,110,2019,118,24,7,2,2,14,33,3,10,6,3,135,2),(9666,543401,114,2019,458,112,23,1,17,40,88,2,52,65,7,511,2),(9667,664238,136,2019,247,51,14,2,9,25,93,9,31,28,11,282,9),(9668,516770,146,2019,636,172,31,4,22,28,111,3,68,86,2,676,2),(9669,516782,134,2019,539,159,31,6,23,25,94,16,97,82,25,586,6),(9670,408234,116,2019,493,139,21,0,12,48,108,3,41,59,0,549,0),(9671,657061,134,2019,147,31,10,3,2,10,40,1,16,13,0,159,0),(9672,669374,158,2019,314,95,23,2,19,25,107,8,51,49,9,348,3),(9673,527038,109,2019,265,84,18,0,9,15,31,4,31,37,0,285,0),(9674,592567,134,2019,466,129,30,1,13,30,117,3,46,80,0,503,1),(9675,657077,119,2019,343,101,22,2,12,26,49,2,43,44,4,377,1),(9676,660162,145,2019,511,161,34,5,25,40,154,4,83,79,10,559,3),(9677,572122,136,2019,393,94,19,1,23,44,86,4,55,63,2,443,2),(9678,502481,109,2019,400,92,11,2,7,47,86,2,65,27,30,452,4),(9679,474832,137,2019,526,123,32,3,17,83,127,3,76,57,4,616,3),(9680,593643,110,2019,524,160,21,2,12,16,50,4,62,51,4,550,4),(9681,649966,135,2019,215,48,8,1,4,25,56,9,27,24,0,249,1),(9682,502517,115,2019,438,122,35,1,13,32,74,2,56,78,1,478,1),(9683,621311,115,2019,374,113,28,5,15,28,110,4,67,61,4,413,4),(9684,592626,119,2019,450,112,16,3,36,50,111,12,83,74,1,514,1),(9685,542454,140,2019,474,134,23,6,28,25,151,6,81,81,21,511,6),(9686,503556,142,2019,425,112,19,0,15,31,98,6,52,55,1,463,0),(9687,606988,116,2019,208,42,5,1,5,13,70,1,18,19,0,224,0),(9688,596748,143,2019,389,91,17,0,17,36,61,0,48,56,0,428,0),(9689,450314,112,2019,150,39,5,0,1,23,24,1,24,17,0,176,0),(9690,641796,109,2019,212,53,12,2,1,14,44,22,38,17,17,250,0),(9691,594694,120,2019,131,33,2,0,2,12,29,0,15,8,0,144,1),(9692,518934,147,2019,602,197,33,2,26,46,90,2,109,102,5,655,2),(9693,600858,118,2019,122,24,4,0,0,8,28,2,11,4,1,135,1),(9694,624413,121,2019,597,155,30,2,53,72,183,21,103,120,1,693,0),(9695,592669,135,2019,440,95,19,1,33,46,154,2,64,64,5,494,0),(9696,641820,110,2019,602,175,38,2,35,63,143,9,106,97,1,679,0),(9697,493329,117,2019,564,168,40,2,31,37,65,5,85,104,5,612,3),(9698,624415,141,2019,354,83,17,2,16,71,123,2,66,48,14,430,0),(9699,543510,145,2019,439,120,26,1,18,30,137,6,62,60,4,476,1),(9700,592663,143,2019,538,148,36,3,25,41,123,5,92,83,9,593,1),(9701,624424,121,2019,549,141,29,1,33,84,149,10,90,92,7,648,2),(9702,602922,145,2019,142,28,3,0,3,11,38,2,10,9,0,156,0),(9703,660271,108,2019,384,110,20,5,18,33,110,2,51,62,12,425,3),(9704,624428,134,2019,554,154,33,7,10,40,75,9,80,50,5,608,5),(9705,624431,140,2019,120,31,9,0,2,3,27,0,18,13,0,126,0),(9706,614177,135,2019,321,82,9,0,27,29,93,0,43,46,0,354,0),(9707,614177,114,2019,173,41,10,0,10,18,63,0,26,35,0,194,0),(9708,425772,140,2019,228,36,9,0,2,15,87,0,17,12,1,244,0),(9709,600869,116,2019,335,68,17,2,8,43,99,7,33,32,3,386,1),(9710,456488,111,2019,167,38,7,0,2,4,27,0,13,20,5,174,1),(9711,595751,146,2019,431,113,14,1,18,22,154,10,44,57,4,465,4),(9712,446263,118,2019,105,18,4,0,4,11,32,1,7,15,0,119,0),(9713,592696,142,2019,562,155,28,1,32,22,86,0,91,109,3,590,1),(9714,425783,140,2019,563,149,31,2,24,78,165,18,93,61,15,660,1),(9715,656185,114,2019,231,53,9,3,4,11,53,9,30,27,8,256,2),(9716,518960,108,2019,240,58,8,1,7,21,39,4,28,30,0,268,0),(9717,471865,114,2019,105,22,1,0,2,10,33,1,13,7,0,117,1),(9718,543543,143,2019,118,31,3,1,12,11,35,1,22,21,1,130,0),(9719,572233,109,2019,529,137,26,1,29,67,155,6,86,73,8,603,1),(9720,501571,121,2019,258,55,12,1,5,22,75,2,38,27,4,285,1),(9721,573262,137,2019,371,101,22,3,21,32,107,4,64,55,2,411,4),(9722,607054,110,2019,100,22,3,1,2,6,24,1,14,11,4,108,1),(9723,670541,117,2019,313,98,26,0,27,52,94,2,58,78,0,369,0),(9724,641857,115,2019,480,120,22,1,24,56,160,1,70,83,5,539,1),(9725,595777,133,2019,459,100,24,2,20,48,75,8,65,67,9,518,1),(9726,506702,111,2019,172,33,3,0,5,13,47,1,14,19,0,191,0),(9727,641856,141,2019,251,54,14,1,12,19,73,2,37,28,0,276,2),(9728,607043,121,2019,199,44,11,1,8,46,71,5,34,29,3,254,0),(9729,572228,147,2019,429,113,21,1,21,71,142,9,72,62,0,510,0),(9730,608070,114,2019,482,123,33,3,23,52,74,2,68,83,24,542,4),(9731,514888,117,2019,500,149,27,3,31,41,82,3,89,74,6,548,5),(9732,594777,108,2019,552,128,29,1,33,70,162,7,92,74,4,632,1),(9733,467793,114,2019,573,161,30,1,34,108,108,3,110,93,4,686,0),(9734,543592,136,2019,238,64,12,1,10,23,63,4,37,31,1,267,0),(9735,514917,143,2019,612,171,31,3,14,45,100,6,77,71,9,667,2),(9736,446308,138,2019,168,36,4,0,11,12,47,1,15,27,1,183,1),(9737,596847,139,2019,410,107,20,2,19,64,108,6,54,63,2,487,3),(9738,430945,109,2019,485,126,25,1,16,31,101,8,66,67,2,528,1),(9739,592743,108,2019,398,105,19,0,7,24,37,2,47,40,10,424,2),(9740,594809,120,2019,566,158,25,7,15,65,106,13,103,49,15,656,3),(9741,435062,120,2019,334,115,23,1,17,27,49,4,61,62,2,370,1),(9742,578428,113,2019,504,145,21,3,11,20,70,3,62,59,6,530,6),(9743,591741,134,2019,261,69,20,0,10,18,48,1,41,36,0,285,0),(9744,467827,120,2019,188,47,11,1,8,11,41,3,30,42,6,204,2),(9745,621439,142,2019,271,71,30,4,10,19,68,2,48,46,14,295,3),(9746,572287,139,2019,266,44,10,1,9,20,98,3,30,32,0,289,0),(9747,446334,137,2019,453,115,19,2,20,43,112,7,59,69,3,508,1),(9748,594807,144,2019,120,32,4,1,10,7,39,2,17,19,0,130,0),(9749,542583,158,2019,222,50,9,0,8,31,59,2,26,34,0,262,0),(9750,542583,139,2019,92,24,3,0,4,12,22,0,13,16,0,107,0),(9751,594824,135,2019,311,77,13,4,4,53,83,5,52,31,0,372,2),(9752,435079,135,2019,258,56,12,0,9,19,54,3,28,22,2,281,4),(9753,621453,137,2019,261,61,12,2,4,16,78,1,26,28,1,281,4),(9754,641933,138,2019,141,37,6,0,5,10,53,0,18,16,1,151,0),(9755,553869,134,2019,303,73,14,0,2,23,56,2,31,28,0,332,0),(9756,665487,135,2019,334,106,13,6,22,30,110,5,61,53,16,372,6),(9757,502671,138,2019,597,155,25,1,34,78,166,2,97,97,3,682,1),(9758,624512,141,2019,97,29,7,0,5,7,18,0,14,11,0,105,0),(9759,519048,111,2019,298,75,17,1,19,34,74,1,48,58,1,335,0),(9760,621446,146,2019,226,39,9,1,0,13,74,6,15,15,1,248,1),(9761,446359,108,2019,97,12,2,0,0,5,16,2,4,7,0,107,0),(9762,553882,136,2019,428,119,12,0,22,47,92,4,63,55,0,482,0),(9763,621466,110,2019,126,30,6,0,4,14,26,1,15,15,1,142,2),(9764,570267,136,2019,451,114,20,1,21,50,164,2,63,69,8,507,3),(9765,425877,138,2019,419,113,24,0,10,23,58,5,45,57,6,452,0),(9766,405395,108,2019,491,120,22,0,23,43,68,3,55,93,3,545,0),(9767,519058,158,2019,523,133,30,1,35,53,98,6,80,87,3,584,0),(9768,570256,134,2019,153,37,8,1,6,12,49,1,23,17,3,167,1),(9769,665489,141,2019,464,126,26,2,15,46,91,2,52,69,0,514,1),(9770,553902,142,2019,190,51,9,0,4,5,8,5,28,21,0,204,0),(9771,623520,112,2019,303,78,17,0,11,44,93,7,47,41,5,356,1),(9772,606115,158,2019,494,110,16,1,15,43,109,1,51,59,8,546,5),(9773,595879,112,2019,531,149,38,4,29,28,156,0,89,85,11,561,7),(9774,605113,109,2019,556,141,33,6,19,52,113,4,79,82,8,625,2),(9775,605119,146,2019,459,120,33,1,20,44,114,14,57,66,5,520,1),(9776,656305,133,2019,583,145,36,3,36,73,147,11,102,91,1,670,1),(9777,606132,115,2019,426,117,23,5,9,21,100,0,54,44,9,447,3),(9778,656308,111,2019,347,88,10,1,18,31,127,4,46,58,2,382,1),(9779,624585,118,2019,589,156,33,1,48,73,178,10,95,117,3,679,1),(9780,621512,121,2019,136,26,5,0,4,7,37,0,9,14,0,144,0),(9781,605131,119,2019,212,43,12,1,5,23,56,5,28,25,3,242,0),(9782,621514,116,2019,369,86,25,1,10,34,103,7,32,40,0,416,1),(9783,606157,113,2019,205,53,8,0,19,16,60,2,31,47,7,225,0),(9784,572365,145,2019,144,36,6,1,2,17,44,1,13,10,0,163,1),(9785,541645,139,2019,489,138,25,2,20,31,125,7,61,72,10,530,4),(9786,453568,115,2019,580,182,42,7,32,40,104,9,112,86,2,634,5),(9787,593871,142,2019,631,186,40,7,22,60,116,4,107,79,4,704,3),(9788,588751,121,2019,142,29,7,0,5,8,33,1,20,18,3,151,1),(9789,624577,113,2019,373,94,15,1,22,23,89,5,51,61,14,404,5),(9790,624577,114,2019,182,54,15,1,2,21,44,3,25,23,5,207,2),(9791,595909,142,2019,198,51,11,2,8,21,71,8,28,25,0,228,0),(9792,543685,120,2019,545,174,44,3,34,80,86,12,117,126,5,646,1),(9793,622534,135,2019,398,93,19,3,12,38,88,2,59,37,20,441,4),(9794,592859,110,2019,329,74,18,2,10,22,108,7,41,35,3,361,3),(9795,602074,115,2019,97,20,1,1,0,7,21,0,7,3,1,105,0),(9796,605137,134,2019,527,146,37,3,37,74,118,5,94,116,0,613,1),(9797,541650,158,2019,232,53,11,0,8,11,66,0,29,18,5,246,1),(9798,605141,111,2019,597,176,40,5,29,97,101,3,135,80,16,706,3),(9799,544725,145,2019,577,161,27,3,8,21,139,6,93,40,15,618,5),(9800,622569,134,2019,143,29,7,2,2,13,36,1,18,19,1,157,1),(9801,607208,120,2019,521,155,37,5,19,43,113,3,96,57,35,569,5),(9802,434158,146,2019,317,58,17,1,12,41,98,3,44,34,0,363,3),(9803,457708,108,2019,219,47,8,0,12,32,78,0,34,40,1,256,1),(9804,458731,147,2019,491,123,26,7,28,52,108,4,86,74,10,550,2),(9805,457705,143,2019,219,56,12,1,10,43,55,0,45,29,2,262,1),(9806,609275,118,2019,415,109,20,10,9,19,132,0,58,62,43,443,7),(9807,670712,139,2019,132,36,7,0,6,7,39,2,17,16,1,142,0),(9808,621563,139,2019,238,55,13,2,3,14,47,8,32,19,8,263,3),(9809,523253,140,2019,317,72,17,1,7,44,100,3,38,39,2,367,0),(9810,668670,116,2019,112,14,3,0,4,13,51,1,11,8,0,128,0),(9811,621566,133,2019,483,129,26,0,36,51,138,12,73,91,0,547,0),(9812,656371,146,2019,179,31,5,2,5,19,59,2,17,23,0,201,3),(9813,457727,147,2019,239,68,17,0,11,30,72,0,48,32,9,269,6),(9814,606192,141,2019,417,96,19,2,26,45,153,1,58,65,6,464,3),(9815,605170,112,2019,244,65,11,0,11,29,59,3,31,34,1,279,0),(9816,592885,158,2019,489,161,29,3,44,80,118,8,100,97,30,580,2),(9817,595956,118,2019,126,30,7,0,3,11,28,3,14,12,0,142,1);
/*!40000 ALTER TABLE `mlb_batting_stats` ENABLE KEYS */;
UNLOCK TABLES;

--
-- Table structure for table `mlb_fielding_stats`
--

DROP TABLE IF EXISTS `mlb_fielding_stats`;
/*!40101 SET @saved_cs_client     = @@character_set_client */;
 SET character_set_client = utf8mb4 ;
CREATE TABLE `mlb_fielding_stats` (
  `MLB_FIELDING_STATS_ID` int(11) NOT NULL AUTO_INCREMENT,
  `MLB_PLAYER_ID` int(11) DEFAULT NULL,
  `MLB_TEAM_ID` int(11) DEFAULT NULL,
  `YEAR` int(11) DEFAULT NULL,
  `POSITION` varchar(10) DEFAULT NULL,
  `ASSISTS` int(11) DEFAULT NULL,
  `PUT_OUTS` int(11) DEFAULT NULL,
  `ERRORS` int(11) DEFAULT NULL,
  PRIMARY KEY (`MLB_FIELDING_STATS_ID`),
  UNIQUE KEY `BS_CONST1` (`MLB_PLAYER_ID`,`MLB_TEAM_ID`,`YEAR`)
) ENGINE=InnoDB AUTO_INCREMENT=932 DEFAULT CHARSET=utf8mb4 COLLATE=utf8mb4_0900_ai_ci;
/*!40101 SET character_set_client = @saved_cs_client */;

--
-- Dumping data for table `mlb_fielding_stats`
--

LOCK TABLES `mlb_fielding_stats` WRITE;
/*!40000 ALTER TABLE `mlb_fielding_stats` DISABLE KEYS */;
/*!40000 ALTER TABLE `mlb_fielding_stats` ENABLE KEYS */;
UNLOCK TABLES;

--
-- Table structure for table `mlb_franchise`
--

DROP TABLE IF EXISTS `mlb_franchise`;
/*!40101 SET @saved_cs_client     = @@character_set_client */;
 SET character_set_client = utf8mb4 ;
CREATE TABLE `mlb_franchise` (
  `MLB_FRANCHISE_ID` int(11) NOT NULL,
  `FULL_NAME` varchar(50) DEFAULT NULL,
  `SHORT_NAME` varchar(10) DEFAULT NULL,
  `FIRST_YEAR_PLAYED` int(5) DEFAULT NULL,
  PRIMARY KEY (`MLB_FRANCHISE_ID`)
) ENGINE=InnoDB DEFAULT CHARSET=utf8mb4 COLLATE=utf8mb4_0900_ai_ci;
/*!40101 SET character_set_client = @saved_cs_client */;

--
-- Dumping data for table `mlb_franchise`
--

LOCK TABLES `mlb_franchise` WRITE;
/*!40000 ALTER TABLE `mlb_franchise` DISABLE KEYS */;
INSERT INTO `mlb_franchise` VALUES (108,'Los Angeles Angels','LAA',1961),(109,'Arizona Diamondbacks','ARI',1996),(110,'Baltimore Orioles','BAL',1901),(111,'Boston Red Sox','BOS',1901),(112,'Chicago Cubs','CHC',1874),(113,'Cincinnati Reds','CIN',1882),(114,'Cleveland Indians','CLE',1901),(115,'Colorado Rockies','COL',1992),(116,'Detroit Tigers','DET',1901),(117,'Houston Astros','HOU',1962),(118,'Kansas City Royals','KC',1968),(119,'Los Angeles Dodgers','LAD',1884),(120,'Washington Nationals','WSH',1968),(121,'New York Mets','NYM',1962),(128,'Kansas City Packers','KC',1914),(133,'Oakland Athletics','OAK',1901),(134,'Pittsburgh Pirates','PIT',1882),(135,'San Diego Padres','SD',1968),(136,'Seattle Mariners','SEA',1977),(137,'San Francisco Giants','SF',1883),(138,'St. Louis Cardinals','STL',1892),(139,'Tampa Bay Rays','TB',1996),(140,'Texas Rangers','TEX',1961),(141,'Toronto Blue Jays','TOR',1977),(142,'Minnesota Twins','MIN',1901),(143,'Philadelphia Phillies','PHI',1883),(144,'Atlanta Braves','ATL',1871),(145,'Chicago White Sox','CWS',1901),(146,'Miami Marlins','MIA',1991),(147,'New York Yankees','NYY',1903),(153,'Newark Peppers','NWK',1914),(158,'Milwaukee Brewers','MIL',1968),(165,'Baltimore Terrapins','BAL',1914),(176,'Pittsburgh Rebels','PRB',1914),(185,'Brooklyn Feds','BKF',1914),(189,'Buffalo Feds','BUF',1914),(191,'Chicago Whales','CWH',1914),(197,'St. Louis Terriers','SLT',1914),(298,'Baltimore Orioles','BAL',1901);
/*!40000 ALTER TABLE `mlb_franchise` ENABLE KEYS */;
UNLOCK TABLES;

--
-- Table structure for table `mlb_pitching_stats`
--

DROP TABLE IF EXISTS `mlb_pitching_stats`;
/*!40101 SET @saved_cs_client     = @@character_set_client */;
 SET character_set_client = utf8mb4 ;
CREATE TABLE `mlb_pitching_stats` (
  `MLB_PITCHING_STATS_ID` int(11) NOT NULL AUTO_INCREMENT,
  `MLB_PLAYER_ID` int(11) DEFAULT NULL,
  `MLB_TEAM_ID` int(11) DEFAULT NULL,
  `YEAR` int(11) DEFAULT NULL,
  `INNINGS_PITCHED` decimal(10,1) DEFAULT NULL,
  `WALKS` int(11) DEFAULT NULL,
  `STRIKEOUTS` int(11) DEFAULT NULL,
  `RUNS_ALLOWED` int(11) DEFAULT NULL,
  `EARNED_RUNS_ALLOWED` int(11) DEFAULT NULL,
  `HOME_RUNS_ALLOWED` int(11) DEFAULT NULL,
  `STOLEN_BASES_ALLOWED` int(11) DEFAULT NULL,
  `HIT_BATTERS` int(11) DEFAULT NULL,
  `HITS_ALLOWED` int(11) DEFAULT NULL,
  `HOLDS` int(11) DEFAULT NULL,
  `SAVES` int(11) DEFAULT NULL,
  `BLOWN_SAVES` int(11) DEFAULT NULL,
  `GAMES_STARTED` int(11) DEFAULT NULL,
  `BALKS` int(11) DEFAULT NULL,
  `WILD_PITCHES` int(11) DEFAULT NULL,
  `SAC_FLIES` int(11) DEFAULT NULL,
  `BATTERS_FACED` int(11) DEFAULT NULL,
  `WINS` int(11) DEFAULT NULL,
  `LOSSES` int(11) DEFAULT NULL,
  PRIMARY KEY (`MLB_PITCHING_STATS_ID`),
  UNIQUE KEY `PS_CONST1` (`MLB_PLAYER_ID`,`MLB_TEAM_ID`,`YEAR`)
) ENGINE=InnoDB AUTO_INCREMENT=3828 DEFAULT CHARSET=utf8mb4 COLLATE=utf8mb4_0900_ai_ci;
/*!40101 SET character_set_client = @saved_cs_client */;

--
-- Dumping data for table `mlb_pitching_stats`
--

LOCK TABLES `mlb_pitching_stats` WRITE;
/*!40000 ALTER TABLE `mlb_pitching_stats` DISABLE KEYS */;
INSERT INTO `mlb_pitching_stats` VALUES (3397,622608,115,2019,124.2,57,76,99,93,19,5,4,161,0,0,0,25,3,1,3,582,11,11),(3398,501789,117,2019,60.0,14,62,14,10,6,0,0,42,26,4,1,0,0,3,0,229,4,1),(3399,493603,147,2019,66.1,40,88,17,14,5,15,2,47,28,2,7,0,1,3,3,283,6,5),(3400,596001,118,2019,175.1,58,164,108,102,31,13,11,192,0,0,0,31,0,4,5,771,9,14),(3401,593958,111,2019,203.1,75,213,88,86,24,4,7,195,0,0,0,34,0,3,5,859,19,6),(3402,444468,117,2019,60.2,20,48,25,25,10,5,4,56,19,0,3,1,0,0,1,257,3,2),(3403,452657,112,2019,171.2,52,165,101,85,26,10,5,205,0,0,0,31,0,3,4,764,13,10),(3404,593974,113,2019,34.0,15,27,23,23,10,1,2,36,2,0,1,0,0,0,3,151,1,1),(3405,608331,144,2019,165.2,47,173,80,74,21,4,5,174,0,0,0,30,1,11,2,702,17,6),(3406,467008,112,2019,41.2,20,49,24,23,6,0,5,33,6,10,6,0,0,4,1,178,2,5),(3407,606273,136,2019,47.0,17,45,28,19,8,3,1,41,1,14,2,0,1,1,1,203,4,2),(3408,596057,116,2019,144.1,38,125,75,72,25,11,4,154,0,0,0,29,0,5,3,610,3,13),(3409,608337,145,2019,176.2,57,228,69,67,24,3,4,131,0,0,0,29,0,6,3,705,14,9),(3410,612434,110,2019,73.1,41,71,42,38,10,18,0,63,9,2,3,0,2,11,6,319,1,3),(3411,594027,146,2019,46.0,36,43,34,32,7,2,6,42,6,0,4,0,0,9,3,216,1,2),(3412,448609,120,2019,21.0,9,18,12,11,1,0,1,19,9,0,1,0,0,1,3,92,1,2),(3413,622694,146,2019,82.1,26,85,49,46,20,1,9,76,0,0,0,15,1,2,1,353,3,5),(3414,608379,138,2019,126.2,55,104,71,67,26,5,3,143,0,0,0,24,0,2,5,562,6,7),(3415,608371,113,2019,43.0,19,57,22,22,8,3,2,31,3,0,0,4,0,1,1,177,2,1),(3416,571510,116,2019,185.1,50,238,101,94,39,4,8,178,0,0,0,32,4,6,4,788,9,12),(3417,645261,146,2019,197.1,81,151,94,85,23,12,8,179,0,0,0,32,1,4,1,838,6,14),(3418,641154,146,2019,111.1,27,95,64,63,15,1,11,111,0,0,0,21,2,6,2,469,5,8),(3419,596101,141,2019,39.2,25,39,19,17,6,2,1,41,3,1,0,0,0,1,0,182,2,1),(3420,643230,134,2019,113.1,53,100,69,65,15,11,7,117,0,0,0,19,1,7,0,505,4,6),(3421,596112,113,2019,64.2,24,81,30,27,9,6,0,43,11,0,4,0,0,3,1,262,3,2),(3422,467100,145,2019,187.0,47,114,107,98,30,10,9,225,0,0,0,34,0,7,4,806,11,12),(3423,542888,110,2019,54.1,26,60,32,31,7,7,3,58,9,4,5,0,1,4,3,248,1,0),(3424,647336,144,2019,174.2,41,142,56,52,14,6,7,153,0,0,0,29,0,3,2,701,13,4),(3425,501925,117,2019,25.0,5,22,6,5,2,2,0,19,4,0,1,0,0,0,0,96,1,0),(3426,657571,119,2019,44.2,27,54,26,24,7,2,6,39,5,0,0,2,1,1,3,204,1,2),(3427,542882,109,2019,70.2,27,79,37,37,8,7,3,72,4,1,3,0,2,9,3,310,5,5),(3428,544931,120,2019,209.0,56,251,79,77,24,16,10,161,0,0,0,33,0,8,4,841,18,6),(3429,643256,114,2019,56.2,19,41,29,28,6,0,4,56,19,1,2,0,0,0,2,244,6,3),(3430,571578,120,2019,202.0,70,238,81,73,24,11,3,169,0,0,0,33,0,4,8,835,14,7),(3431,622772,145,2019,36.0,11,31,11,11,3,4,3,24,4,0,0,0,0,1,0,141,1,0),(3432,657610,142,2019,16.1,7,15,19,19,2,4,3,30,6,1,0,0,0,1,2,88,2,2),(3433,657612,118,2019,39.2,13,39,17,16,4,2,4,31,9,1,1,0,0,0,0,161,2,0),(3434,542914,136,2019,48.0,17,43,20,19,5,0,1,30,6,5,5,0,0,6,1,189,2,4),(3435,622786,115,2019,36.0,22,28,23,19,12,3,1,36,2,1,0,0,0,1,1,161,0,3),(3436,434378,117,2019,223.0,42,300,66,64,36,9,6,137,0,0,0,34,0,4,2,847,21,6),(3437,606424,146,2019,50.2,16,39,17,17,4,1,2,40,6,0,1,0,0,4,2,206,4,2),(3438,657624,117,2019,61.1,35,100,34,32,10,8,4,46,6,1,2,1,0,6,0,266,5,1),(3439,424144,114,2019,40.2,12,48,20,18,5,3,3,38,22,1,4,0,0,1,1,173,2,4),(3440,592094,141,2019,21.2,10,18,8,7,1,1,3,15,4,0,1,0,2,1,3,91,3,0),(3441,542953,141,2019,20.0,10,26,10,9,3,1,1,20,4,0,0,1,0,2,0,91,0,3),(3442,501985,140,2019,208.1,68,200,86,83,30,13,7,190,0,0,0,32,0,2,6,863,14,10),(3443,542947,110,2019,55.1,8,30,34,33,6,6,4,65,5,4,1,1,0,1,2,235,3,0),(3444,573668,145,2019,27.2,12,27,13,12,4,0,2,31,0,0,0,0,0,3,0,126,0,0),(3445,592102,108,2019,23.0,20,29,16,16,9,3,0,24,0,4,0,0,0,3,1,116,0,2),(3446,598264,111,2019,64.1,38,110,29,27,8,5,2,51,26,4,8,0,1,13,1,285,5,4),(3447,643327,109,2019,76.0,35,58,55,54,12,0,4,81,0,2,0,9,1,3,2,338,3,5),(3448,598271,111,2019,40.1,23,31,29,27,6,3,0,53,0,0,1,7,0,5,0,193,1,3),(3449,542960,112,2019,39.2,28,45,27,27,3,2,1,42,4,0,2,0,0,3,4,181,4,3),(3450,518397,119,2019,17.1,7,9,7,7,2,0,1,17,7,0,0,0,0,0,0,76,3,2),(3451,643316,110,2019,57.1,29,55,39,34,7,4,6,54,11,3,5,0,0,2,0,255,1,9),(3452,571656,116,2019,67.2,24,73,32,28,8,4,5,62,15,0,3,1,0,4,4,288,6,6),(3453,643338,147,2019,69.0,19,98,35,32,10,6,6,66,4,2,0,15,0,2,3,295,4,4),(3454,598287,108,2019,67.2,20,79,30,30,9,3,5,59,3,0,0,7,0,2,1,280,5,4),(3455,598286,116,2019,79.2,35,74,45,36,11,8,1,76,1,0,1,0,0,6,3,348,5,4),(3456,502026,158,2019,52.0,17,46,32,29,5,0,5,54,12,1,3,0,0,1,0,225,3,4),(3457,592135,108,2019,61.1,22,64,30,22,7,3,3,48,15,1,3,7,0,9,1,258,3,3),(3458,571666,133,2019,184.2,53,126,82,80,30,13,9,166,0,0,0,33,1,13,5,754,15,4),(3459,502043,142,2019,160.0,56,160,99,86,23,6,7,175,2,0,1,29,0,8,2,706,13,7),(3460,502042,134,2019,119.2,55,143,73,69,25,9,4,114,0,0,0,23,0,6,3,526,3,9),(3461,571670,119,2019,46.2,14,42,25,22,4,2,2,46,6,0,3,0,0,1,1,201,5,3),(3462,545064,115,2019,57.2,19,63,34,29,7,4,2,56,7,5,3,0,0,4,1,245,6,4),(3463,592169,146,2019,44.2,18,46,21,17,7,2,7,37,7,0,1,0,0,2,1,199,1,0),(3464,407845,120,2019,33.1,16,35,16,15,3,2,0,29,17,2,3,0,0,4,0,140,0,3),(3465,663855,138,2019,28.2,11,31,10,10,2,0,1,16,3,14,1,0,0,2,0,110,2,2),(3466,543022,112,2019,76.2,37,74,33,32,8,2,5,65,4,2,2,5,0,8,1,324,5,3),(3467,641312,137,2019,96.0,38,70,61,58,13,2,2,111,1,2,0,16,0,6,1,427,3,5),(3468,592165,136,2019,47.1,24,47,25,24,6,5,0,34,8,0,2,0,0,6,3,196,3,6),(3469,571704,141,2019,53.0,17,83,11,11,5,5,0,36,0,23,1,0,0,2,0,208,2,3),(3470,518452,115,2019,63.2,21,42,47,43,10,0,5,78,4,1,2,3,0,2,0,287,1,6),(3471,641341,121,2019,22.0,17,20,17,17,6,3,0,21,1,0,3,0,0,0,1,103,0,3),(3472,543037,117,2019,212.1,48,326,66,59,29,11,3,142,0,0,0,33,3,4,3,817,20,5),(3473,571710,110,2019,63.0,26,86,35,32,13,9,2,49,7,11,8,0,0,5,2,260,2,6),(3474,608566,115,2019,174.0,35,175,96,92,29,4,5,174,0,0,0,28,1,14,4,721,12,5),(3475,612672,146,2019,68.1,18,63,54,50,15,0,5,87,3,0,0,0,0,2,2,307,0,1),(3476,543045,146,2019,60.2,29,53,45,44,10,2,3,76,6,2,2,0,0,2,1,283,2,11),(3477,475479,112,2019,17.0,10,18,7,6,2,0,0,17,1,1,2,0,0,2,1,76,2,1),(3478,448855,158,2019,83.2,36,77,35,33,11,6,4,58,20,3,8,0,0,5,2,344,9,5),(3479,592222,158,2019,62.0,24,44,29,28,8,3,6,57,22,0,3,0,0,1,3,267,2,2),(3480,518489,111,2019,55.2,21,61,33,30,9,1,3,51,10,7,4,0,0,3,3,241,2,4),(3481,592233,109,2019,30.1,8,33,12,12,3,0,2,23,3,0,0,0,0,1,0,123,1,0),(3482,547179,113,2019,83.1,28,85,29,27,9,5,2,68,21,7,4,0,0,2,2,343,1,4),(3483,434538,134,2019,70.0,35,63,32,27,8,3,3,60,12,0,4,0,0,1,2,301,5,3),(3484,518516,137,2019,207.2,43,203,99,90,30,14,10,191,0,0,0,34,0,3,5,844,9,9),(3485,543101,113,2019,166.2,49,167,77,72,29,11,4,151,0,0,0,31,1,2,3,696,9,9),(3486,608638,119,2019,21.1,5,28,16,15,4,4,2,21,0,0,0,0,0,0,4,88,1,0),(3487,608648,142,2019,57.2,14,82,23,16,8,0,3,44,16,0,2,0,1,3,1,238,5,1),(3488,543118,139,2019,56.0,19,70,20,20,9,1,1,36,13,2,1,0,0,1,0,219,5,2),(3489,502154,147,2019,61.1,32,53,13,13,3,1,1,38,29,3,4,0,0,3,2,245,3,1),(3490,594311,137,2019,24.1,9,14,11,8,1,0,0,18,4,1,1,0,0,0,3,99,0,0),(3491,543135,111,2019,67.2,35,70,46,45,16,2,3,72,4,0,1,12,0,6,2,302,2,1),(3492,518553,112,2019,64.0,29,57,22,21,7,3,7,48,11,7,4,0,0,4,2,267,4,6),(3493,663978,135,2019,140.2,31,153,58,52,23,0,6,107,0,0,0,26,1,1,3,568,9,7),(3494,518566,108,2019,51.2,24,50,35,34,2,5,2,58,4,0,0,6,0,3,2,231,3,4),(3495,606625,137,2019,56.2,33,70,19,18,4,8,3,41,15,0,5,0,0,3,1,246,3,7),(3496,502190,136,2019,137.0,19,100,78,65,26,4,4,153,0,0,0,22,0,2,1,576,9,8),(3497,502188,137,2019,181.1,49,140,78,71,28,14,6,152,0,0,0,32,0,5,4,740,11,12),(3498,608678,138,2019,40.2,22,46,28,25,9,1,0,39,0,1,1,0,0,1,1,180,1,0),(3499,663992,118,2019,20.0,8,17,17,17,2,0,1,30,2,0,1,0,0,1,1,96,0,3),(3500,592314,144,2019,117.0,37,105,65,59,23,3,2,109,0,0,0,21,0,5,1,491,8,6),(3501,502202,118,2019,26.2,17,27,16,16,3,3,1,25,0,1,3,0,0,1,1,122,1,3),(3502,641482,147,2019,66.2,28,69,44,42,16,0,1,75,2,0,1,1,0,1,2,298,5,1),(3503,608717,134,2019,46.2,15,47,22,19,7,2,0,50,1,0,0,0,0,1,0,200,1,1),(3504,455119,140,2019,38.0,4,43,13,13,8,3,0,35,12,4,1,0,0,0,1,147,0,2),(3505,592351,115,2019,150.0,56,150,70,64,19,8,4,147,0,0,0,25,0,7,3,637,11,8),(3506,502239,108,2019,102.1,39,81,71,68,25,13,6,111,0,0,0,11,0,14,4,455,4,9),(3507,571858,110,2019,41.0,19,34,28,27,9,0,1,44,5,0,1,0,0,3,1,183,1,4),(3508,518617,118,2019,41.2,23,63,23,22,3,1,8,33,18,0,2,0,0,4,1,188,0,6),(3509,518617,133,2019,20.1,16,21,11,10,0,0,3,16,13,0,0,0,0,2,2,94,1,1),(3510,543208,141,2019,95.2,22,88,51,49,18,3,4,85,5,0,0,0,1,0,3,392,4,2),(3511,571882,141,2019,60.2,40,67,36,33,8,4,3,61,8,5,1,4,0,7,2,285,1,2),(3512,584171,111,2019,56.1,28,49,40,34,7,0,3,58,1,0,1,8,0,2,3,247,1,4),(3513,434671,120,2019,166.0,58,134,77,71,22,15,4,153,0,0,0,30,3,1,2,712,11,8),(3514,518633,118,2019,130.2,46,115,69,63,21,1,8,125,0,0,0,23,0,4,3,555,7,6),(3515,543243,113,2019,175.1,68,205,59,56,17,14,7,122,0,0,0,31,1,7,5,708,11,8),(3516,461325,114,2019,62.0,15,64,20,20,8,1,7,38,8,0,0,3,0,3,1,241,1,0),(3517,592390,111,2019,39.2,18,46,20,17,7,3,3,34,4,2,1,0,0,2,0,173,1,0),(3518,571927,121,2019,160.1,52,153,83,75,27,9,7,163,1,0,0,30,0,3,1,691,11,10),(3519,543272,114,2019,57.1,18,84,21,21,6,2,4,53,0,34,5,0,0,0,0,242,6,4),(3520,571945,138,2019,184.0,32,144,90,85,27,5,12,193,0,0,0,32,2,5,7,764,9,14),(3521,592426,144,2019,72.2,26,106,34,31,10,6,2,76,9,18,7,0,0,3,0,315,9,2),(3522,543278,116,2019,44.1,13,29,24,22,10,1,0,38,7,0,0,0,0,3,4,182,1,1),(3523,643617,116,2019,28.0,16,17,28,27,11,2,0,44,1,0,0,1,0,1,2,140,0,3),(3524,453172,113,2019,48.1,19,34,27,22,6,3,2,41,4,1,2,0,0,0,1,199,3,4),(3525,453172,143,2019,23.0,8,20,10,10,7,0,0,16,4,0,1,0,0,1,0,90,2,1),(3526,543294,112,2019,177.0,32,150,78,68,19,5,9,168,0,0,0,30,0,1,5,730,11,10),(3527,621107,143,2019,163.1,48,129,88,75,28,9,6,172,0,0,0,28,0,1,3,705,10,13),(3528,453178,118,2019,63.1,17,73,24,24,6,1,1,64,1,30,4,0,0,3,0,266,3,2),(3529,518715,136,2019,41.1,21,39,18,18,3,9,4,38,11,0,0,2,0,4,1,180,0,2),(3530,504379,143,2019,47.1,21,45,27,25,4,5,2,57,10,1,1,0,1,0,2,217,2,3),(3531,545333,114,2019,156.2,63,185,76,66,22,8,14,127,0,0,0,24,0,8,3,664,9,8),(3532,621111,119,2019,182.1,37,215,77,66,20,8,7,153,0,0,0,30,0,4,6,737,14,4),(3533,506433,112,2019,178.2,56,229,82,79,33,24,11,140,0,0,0,31,0,11,4,731,6,8),(3534,664129,134,2019,35.0,18,38,35,35,8,0,0,52,2,0,0,0,1,5,4,171,0,1),(3535,453192,138,2019,54.2,27,70,32,27,11,1,8,45,28,6,5,0,0,4,1,236,5,6),(3536,592454,147,2019,61.1,20,88,27,25,9,3,2,45,27,0,5,0,0,8,1,248,3,2),(3537,592473,139,2019,43.1,14,36,19,19,6,1,3,39,15,1,0,0,0,1,0,184,4,3),(3538,592473,119,2019,11.2,2,9,3,1,1,0,0,9,4,0,0,0,0,0,0,45,2,0),(3539,641627,137,2019,52.2,17,57,26,26,4,3,2,41,1,1,1,0,0,1,4,214,7,0),(3540,664157,137,2019,19.2,9,18,12,12,4,3,1,18,0,0,0,0,1,1,0,85,2,0),(3541,623184,115,2019,56.0,23,58,18,14,5,3,0,39,8,5,3,0,0,3,1,223,6,1),(3542,621142,108,2019,72.1,23,84,34,32,8,6,5,69,26,2,4,0,0,6,2,309,6,7),(3543,543339,141,2019,48.0,23,48,18,16,5,4,3,38,8,2,2,1,0,1,3,207,6,3),(3544,543339,120,2019,25.0,4,23,7,4,3,1,1,18,3,6,2,0,0,1,2,97,3,0),(3545,572020,147,2019,150.2,55,186,71,64,23,7,2,138,0,0,0,29,1,7,4,633,15,6),(3546,543351,158,2019,30.1,18,47,15,15,6,4,2,22,2,0,1,0,0,0,2,132,1,0),(3547,621199,113,2019,32.0,13,25,15,13,2,5,0,27,0,0,0,0,0,0,2,137,2,0),(3548,664192,135,2019,163.2,56,158,78,76,23,5,2,144,0,0,0,30,0,8,4,686,10,10),(3549,664199,109,2019,84.2,30,68,55,50,23,2,6,86,0,1,0,15,0,3,5,369,5,5),(3550,453265,137,2019,54.0,12,41,26,25,9,1,5,56,25,0,3,0,0,1,0,231,2,2),(3551,518813,109,2019,35.2,24,41,18,18,5,2,0,25,0,17,5,0,0,6,2,152,1,2),(3552,664208,135,2019,24.1,6,20,22,21,6,0,1,34,2,0,0,0,0,1,0,115,0,0),(3553,453286,120,2019,172.1,33,243,59,56,18,8,7,144,0,0,0,27,0,0,2,693,11,7),(3554,459429,115,2019,41.1,11,35,25,20,11,0,3,47,4,0,2,0,1,0,3,180,0,2),(3555,453284,142,2019,36.1,16,34,18,17,7,0,2,34,9,10,1,0,0,4,1,157,1,2),(3556,453284,143,2019,25.0,6,31,14,14,6,1,1,19,4,0,0,2,0,0,1,98,2,1),(3557,453281,136,2019,121.1,31,92,80,77,28,3,1,145,0,0,0,8,0,0,1,532,6,7),(3558,621242,121,2019,58.0,22,99,36,36,15,11,4,58,1,26,7,0,0,3,2,254,2,7),(3559,621244,142,2019,200.1,51,195,94,82,26,12,9,194,0,0,0,32,1,8,6,842,14,8),(3560,641712,138,2019,174.2,86,136,80,65,22,3,9,160,0,1,0,32,0,5,7,757,16,7),(3561,621237,139,2019,30.0,27,39,18,16,2,1,0,29,8,7,2,1,0,8,2,146,1,6),(3562,527048,142,2019,165.1,67,135,104,94,23,13,3,184,0,0,0,29,1,3,5,737,10,7),(3563,527054,144,2019,174.2,83,162,81,74,22,15,14,148,0,0,0,33,1,5,5,754,10,11),(3564,641729,116,2019,59.2,23,82,33,29,13,2,4,56,15,9,5,0,1,1,0,257,4,7),(3565,643778,138,2019,55.0,23,48,23,23,7,3,2,33,8,1,0,0,0,2,2,221,2,1),(3566,641755,146,2019,49.1,36,46,20,20,5,1,1,43,1,1,2,0,0,3,2,221,3,1),(3567,664285,117,2019,70.2,44,68,51,46,9,6,4,74,0,0,0,8,1,4,4,329,4,7),(3568,641745,118,2019,165.1,70,122,80,77,15,1,9,154,0,0,0,28,1,9,5,709,7,14),(3569,453343,137,2019,46.1,16,44,19,18,3,3,2,49,5,1,0,0,0,3,1,195,4,2),(3570,453343,144,2019,21.0,2,24,9,9,1,0,0,22,0,11,0,0,0,1,0,89,1,0),(3571,518876,109,2019,183.1,57,158,95,90,29,3,2,184,0,0,0,32,0,4,5,777,13,14),(3572,518875,140,2019,47.1,11,43,27,26,12,2,2,55,6,11,4,0,0,2,1,205,5,2),(3573,518886,112,2019,20.2,12,30,15,15,9,2,2,21,0,13,3,0,0,0,1,96,0,4),(3574,621295,114,2019,57.2,15,60,22,18,10,0,0,47,12,4,2,0,0,0,0,231,5,1),(3575,662253,135,2019,23.0,11,30,10,10,2,1,0,16,8,1,1,0,1,1,0,97,1,1),(3576,592612,145,2019,67.2,15,61,38,35,15,3,0,62,2,0,2,0,0,3,1,272,4,0),(3577,623352,158,2019,75.2,20,138,24,22,15,1,4,41,6,37,7,0,0,0,0,289,3,5),(3578,543483,142,2019,28.1,15,36,21,14,4,0,2,30,0,0,0,0,0,2,1,133,2,0),(3579,543483,136,2019,22.1,5,28,10,9,3,1,0,21,1,5,2,0,0,3,1,96,3,2),(3580,641778,135,2019,149.2,51,138,82,74,20,2,5,158,0,0,0,29,1,4,3,651,8,10),(3581,606965,117,2019,69.0,21,72,39,37,13,13,3,69,7,0,1,1,0,2,3,298,2,3),(3582,465657,133,2019,69.0,20,79,33,33,9,1,3,51,21,1,5,1,1,5,2,278,2,4),(3583,641793,142,2019,37.0,9,32,12,11,4,2,0,34,1,0,1,0,0,0,0,146,6,0),(3584,445197,115,2019,17.2,6,15,14,14,4,0,0,17,2,0,1,0,0,2,4,75,1,0),(3585,623364,135,2019,24.2,9,31,19,18,7,1,1,26,8,0,2,0,0,0,1,110,0,1),(3586,592644,114,2019,109.1,26,78,61,59,22,2,4,115,0,0,0,20,0,0,2,462,7,5),(3587,473879,137,2019,51.0,7,47,17,14,3,4,3,39,17,2,1,0,0,0,0,196,4,1),(3588,641816,113,2019,129.2,34,129,82,74,25,3,6,136,0,0,0,25,1,2,2,556,3,12),(3589,520980,119,2019,69.2,23,69,30,24,6,5,4,43,25,1,6,0,0,0,0,276,7,2),(3590,445213,112,2019,57.0,13,48,18,17,5,1,4,45,17,1,2,0,0,0,1,227,3,3),(3591,543507,142,2019,64.1,26,79,24,21,8,6,3,43,17,2,2,0,0,3,3,266,5,3),(3592,623381,141,2019,73.0,31,69,51,50,13,3,6,73,1,0,0,7,0,6,2,325,3,6),(3593,592662,109,2019,174.1,84,235,91,84,30,10,5,150,0,0,0,33,0,7,4,747,12,8),(3594,641835,141,2019,51.1,27,55,29,28,8,3,1,45,18,0,1,0,0,4,2,227,1,3),(3595,641838,118,2019,60.1,21,38,31,30,4,1,2,68,6,1,4,0,0,2,4,268,4,2),(3596,621345,144,2019,29.1,23,35,23,23,3,6,1,36,5,5,2,0,0,5,1,147,3,4),(3597,543521,117,2019,74.2,30,82,41,39,12,3,3,62,5,0,0,8,0,0,3,317,4,5),(3598,572193,141,2019,21.2,8,14,12,12,5,2,0,20,2,0,0,1,0,2,2,91,0,2),(3599,543548,136,2019,111.2,23,94,61,59,24,7,2,102,0,0,0,6,0,1,5,453,4,10),(3600,621363,139,2019,51.2,19,72,27,27,9,6,5,33,16,2,6,0,0,2,0,207,5,5),(3601,621385,116,2019,29.0,15,28,18,14,5,3,0,35,5,0,2,0,0,0,3,135,1,1),(3602,623433,146,2019,43.2,16,69,19,19,5,1,1,40,7,1,1,0,0,2,1,186,2,4),(3603,623433,139,2019,21.1,2,41,5,5,3,0,1,12,9,0,3,0,0,2,0,78,3,0),(3604,592717,141,2019,112.2,59,99,82,76,15,10,10,131,0,0,0,23,0,7,3,524,3,14),(3605,592716,140,2019,125.1,36,101,86,82,29,3,9,156,0,0,0,15,1,4,2,563,6,8),(3606,621381,135,2019,114.2,22,118,61,60,22,8,7,121,6,0,1,16,1,3,1,487,6,11),(3607,430935,112,2019,141.2,56,143,64,60,17,11,7,141,0,0,0,27,0,1,6,617,7,7),(3608,656222,139,2019,104.1,40,89,56,50,12,3,9,115,2,1,0,3,0,3,5,464,6,3),(3609,445276,119,2019,63.0,16,80,28,26,9,13,4,51,0,33,8,0,3,2,3,263,5,3),(3610,621397,114,2019,30.2,16,28,15,15,3,2,2,34,1,0,1,0,0,2,1,140,1,1),(3611,600917,140,2019,68.2,39,100,34,33,7,5,6,52,7,14,4,3,0,7,2,299,2,4),(3612,623465,110,2019,28.0,20,40,20,20,2,1,5,32,3,0,0,0,0,2,2,140,0,1),(3613,471911,114,2019,80.0,16,96,48,47,18,3,2,92,1,1,1,12,0,2,2,341,6,7),(3614,435043,113,2019,23.1,18,18,13,13,4,4,2,21,4,0,0,0,0,0,1,106,3,1),(3615,519008,109,2019,56.0,20,35,35,30,6,2,1,71,9,0,0,0,0,1,2,250,0,0),(3616,623470,118,2019,31.0,16,29,13,13,7,1,1,29,4,0,1,0,0,0,3,137,1,0),(3617,502624,158,2019,139.0,50,124,67,65,23,11,8,126,0,0,0,27,1,1,2,592,8,4),(3618,594798,121,2019,204.0,44,255,59,55,19,24,7,154,0,0,0,32,0,2,3,804,11,8),(3619,516969,145,2019,51.1,23,53,36,35,8,9,1,60,6,1,2,0,2,8,2,235,3,3),(3620,592761,146,2019,153.1,60,168,82,77,33,8,6,128,0,0,0,28,1,6,5,646,10,11),(3621,543606,142,2019,159.0,53,178,65,62,16,1,4,139,0,0,0,30,0,4,4,658,15,7),(3622,570240,108,2019,96.1,34,101,56,49,16,6,6,80,1,0,0,7,0,8,1,407,8,3),(3623,656257,146,2019,38.1,14,39,20,19,8,3,1,36,5,1,1,0,0,6,1,161,3,2),(3624,658305,143,2019,39.0,26,45,25,25,11,1,0,38,2,0,0,0,0,4,2,172,2,0),(3625,592773,139,2019,55.2,20,61,24,21,7,4,0,44,2,0,0,27,0,2,2,228,0,2),(3626,592773,146,2019,21.1,19,28,15,13,4,2,0,17,5,1,4,0,0,3,1,99,0,2),(3627,594840,120,2019,46.2,10,35,34,33,11,1,2,61,4,0,0,1,0,1,2,206,1,2),(3628,517008,145,2019,61.0,23,55,28,19,7,0,1,42,0,30,3,0,0,4,3,249,4,5),(3629,594835,136,2019,203.0,56,147,106,90,23,7,6,210,0,0,0,34,1,2,9,866,16,13),(3630,592789,121,2019,197.2,50,202,101,94,24,42,6,194,0,0,0,32,0,4,8,825,10,8),(3631,641941,139,2019,70.0,13,96,19,18,12,2,1,45,8,20,9,0,0,3,1,267,4,2),(3632,553878,134,2019,60.0,13,90,12,11,5,1,4,43,0,28,3,0,0,3,1,236,5,1),(3633,592815,136,2019,23.0,11,27,6,6,1,0,2,13,7,0,1,2,0,1,1,94,1,0),(3634,592826,143,2019,117.1,43,130,69,64,26,4,9,120,2,0,0,23,0,5,3,516,7,8),(3635,502706,137,2019,68.2,35,71,49,45,17,4,4,68,0,0,0,7,0,0,2,308,2,4),(3636,453562,143,2019,135.2,51,110,76,70,21,12,7,149,0,0,0,24,0,7,4,594,8,8),(3637,519096,114,2019,29.2,3,16,17,16,6,1,1,42,1,0,0,0,0,1,0,131,0,0),(3638,572362,135,2019,55.1,15,52,36,33,6,0,1,72,5,0,1,1,0,3,3,251,0,1),(3639,605130,118,2019,70.1,37,92,33,33,6,7,3,64,14,1,2,0,1,5,1,310,3,3),(3640,605135,133,2019,144.0,47,141,66,61,21,10,13,125,0,0,0,25,0,3,5,612,10,5),(3641,605121,108,2019,47.0,32,60,32,29,6,3,1,42,13,1,1,0,0,4,2,217,3,0),(3642,656322,137,2019,27.2,15,20,11,11,3,3,4,19,0,0,1,0,1,2,0,114,5,1),(3643,592858,112,2019,33.1,16,35,13,9,0,4,3,22,5,2,0,0,0,0,0,140,2,0),(3644,605151,109,2019,71.2,36,87,30,28,5,3,5,67,7,18,3,1,0,0,2,317,4,5),(3645,543699,113,2019,110.1,38,108,55,52,14,3,9,119,0,0,0,21,0,0,1,484,6,7),(3646,502748,117,2019,91.2,31,96,43,42,15,5,5,78,0,0,0,15,1,1,3,383,7,6),(3647,625643,145,2019,184.0,65,169,119,110,35,13,8,203,0,0,0,33,2,5,5,809,10,15),(3648,519141,137,2019,77.2,36,92,51,49,17,7,4,89,0,0,0,17,1,1,1,355,2,9),(3649,519141,158,2019,26.1,8,45,7,7,4,0,0,16,12,2,0,1,0,0,1,100,0,1),(3650,605164,110,2019,161.2,58,162,95,86,29,11,6,161,0,0,0,30,1,7,7,700,7,14),(3651,519151,117,2019,54.1,12,72,15,14,6,2,0,37,31,3,5,0,0,4,1,211,2,3),(3652,607200,120,2019,78.0,33,41,39,39,11,6,2,81,0,0,0,12,0,1,2,334,4,2),(3653,605155,111,2019,54.2,34,52,26,25,6,6,2,59,6,0,1,0,0,9,3,253,1,2),(3654,592866,134,2019,145.2,44,113,93,87,27,4,7,162,0,0,0,26,0,2,8,636,7,9),(3655,605154,138,2019,72.2,27,87,31,29,6,1,3,59,13,0,1,0,0,0,1,304,3,4),(3656,519144,111,2019,174.1,45,143,114,107,31,7,6,198,0,0,0,32,2,5,1,768,14,12),(3657,605177,109,2019,52.2,18,68,23,22,6,1,2,52,23,0,4,0,0,2,0,225,2,2),(3658,607229,121,2019,63.2,23,60,36,33,7,4,6,64,7,1,4,0,0,4,2,277,2,3),(3659,607231,138,2019,66.1,34,60,29,27,4,1,0,51,19,3,3,0,0,1,0,269,11,1),(3660,605182,114,2019,126.0,37,169,38,38,10,9,2,96,0,0,0,21,0,0,1,499,13,4),(3661,572403,116,2019,58.0,23,51,40,38,9,6,4,70,1,0,0,4,0,3,1,258,4,3),(3662,523260,119,2019,51.1,22,62,31,26,6,2,3,49,8,1,5,0,0,10,0,226,5,4),(3663,605195,134,2019,49.0,35,61,30,27,10,7,7,41,13,0,7,0,0,1,1,226,3,7),(3664,451584,115,2019,42.2,29,42,42,41,7,14,2,51,0,15,3,0,0,1,0,206,1,6),(3665,521230,133,2019,85.0,21,124,18,17,5,1,2,61,8,25,7,2,0,7,3,332,4,4),(3666,607237,113,2019,56.0,35,78,22,20,7,7,4,44,22,0,3,0,1,5,0,246,5,3),(3667,668676,114,2019,115.2,40,88,52,49,19,1,3,102,0,0,0,21,0,1,0,475,8,6),(3668,672773,141,2019,33.2,24,27,20,20,4,2,3,36,0,0,0,0,0,4,1,159,1,0),(3669,605200,158,2019,159.2,51,102,73,63,20,10,2,155,0,0,0,31,0,4,5,672,10,7),(3670,543766,115,2019,72.0,29,58,44,43,12,5,5,69,12,1,6,0,0,1,1,311,3,2),(3671,656427,138,2019,196.1,55,231,62,60,25,1,7,135,0,0,0,33,0,6,3,772,11,8),(3672,594987,119,2019,27.0,8,20,9,7,3,0,3,25,2,1,1,1,0,0,1,115,4,0),(3673,594986,112,2019,61.0,29,58,26,24,5,5,1,55,14,0,2,0,0,1,3,260,4,2),(3674,500779,112,2019,171.0,46,152,100,89,20,6,2,191,1,0,0,31,0,11,13,745,13,9),(3675,605240,145,2019,55.0,43,68,33,29,7,2,3,44,11,0,2,0,0,4,1,251,3,4),(3676,461872,144,2019,39.2,19,35,19,19,6,2,0,38,17,1,0,0,0,1,0,170,1,2),(3677,547888,147,2019,182.0,40,149,95,90,28,2,2,186,0,0,0,31,0,7,4,759,11,9),(3678,642098,118,2019,136.0,41,81,96,91,30,1,6,164,0,0,0,23,2,6,4,606,4,11),(3679,519242,111,2019,147.1,37,218,80,72,24,8,13,123,0,0,0,25,0,2,4,612,6,11),(3680,595014,133,2019,58.2,37,59,33,32,9,7,1,58,3,16,5,0,0,1,1,266,6,5),(3681,605276,110,2019,80.0,30,68,73,63,28,2,2,94,0,0,0,14,0,1,3,365,1,10),(3682,656464,109,2019,24.1,9,28,7,4,2,1,0,15,8,2,0,0,0,2,0,96,3,0),(3683,605288,158,2019,111.1,37,117,49,46,14,13,5,101,1,0,0,18,0,2,3,462,6,7),(3684,642152,133,2019,60.0,31,57,40,35,7,9,3,61,17,0,5,0,0,7,3,269,4,6),(3685,605280,134,2019,50.0,36,56,36,31,5,4,9,45,1,0,1,0,0,4,0,240,1,2),(3686,547943,119,2019,182.2,24,163,53,47,17,1,4,160,0,0,0,29,0,0,2,723,14,5),(3687,597113,115,2019,25.0,19,24,14,14,1,1,3,23,4,0,0,0,0,4,1,116,0,2),(3688,607352,141,2019,50.0,17,50,22,21,8,0,1,50,10,1,2,0,0,2,0,212,3,1),(3689,605309,134,2019,29.2,11,33,7,7,3,0,1,19,6,1,4,0,0,1,0,119,2,0),(3690,519293,137,2019,65.1,21,96,20,20,10,1,0,46,0,34,4,0,0,3,1,257,6,0),(3691,650382,111,2019,30.1,26,57,18,15,1,0,3,27,4,0,0,1,0,4,0,147,0,1),(3692,547973,147,2019,57.0,25,85,18,14,3,4,1,38,0,37,5,0,0,6,3,235,3,2),(3693,613534,136,2019,31.0,14,51,13,13,4,1,0,20,10,0,2,2,0,2,1,124,2,2),(3694,519326,120,2019,21.0,8,15,12,12,5,3,2,20,10,0,0,0,0,1,1,92,2,0),(3695,605359,145,2019,50.2,24,41,16,14,5,2,0,42,19,0,4,0,0,1,1,209,4,2),(3696,656547,147,2019,41.1,11,46,32,29,8,2,2,43,4,0,2,1,0,0,0,181,5,2),(3697,605347,118,2019,123.2,42,109,94,87,27,5,10,140,0,1,1,18,0,6,7,548,4,9),(3698,580792,114,2019,40.2,22,50,18,16,7,1,0,30,10,0,0,0,0,0,2,173,3,2),(3699,642232,139,2019,141.2,20,117,69,65,15,5,9,121,0,0,1,14,1,0,3,563,11,6),(3700,457918,147,2019,161.1,49,140,88,88,34,2,5,160,0,0,0,30,0,3,2,678,12,8),(3701,457915,120,2019,53.2,12,42,30,29,9,2,0,55,4,1,0,0,0,3,1,228,3,1),(3702,642231,110,2019,41.0,24,33,32,31,9,5,2,51,3,0,0,4,0,4,1,193,1,2),(3703,605388,143,2019,29.2,10,29,14,13,4,1,3,20,19,0,2,0,0,0,0,120,3,3),(3704,605400,143,2019,202.1,80,229,91,87,27,7,11,176,0,0,0,34,0,3,2,852,12,7),(3705,605397,134,2019,170.1,39,157,98,84,21,2,9,168,1,0,0,31,0,2,6,718,11,12),(3706,519393,111,2019,78.0,32,76,38,33,6,6,5,61,8,2,4,0,1,6,2,327,9,2),(3707,607457,120,2019,25.2,12,30,21,19,8,0,2,33,8,0,2,0,1,2,1,124,1,2),(3708,670950,146,2019,112.0,51,103,56,56,16,3,5,104,1,0,0,20,0,4,4,483,3,12),(3709,607481,145,2019,67.2,24,60,17,16,4,2,3,43,27,1,2,0,0,4,0,262,0,0),(3710,593144,134,2019,65.1,23,63,30,27,14,2,2,65,16,1,4,0,0,1,1,285,4,5),(3711,593140,134,2019,56.1,27,73,27,25,11,5,2,44,3,0,1,1,1,0,1,239,4,4),(3712,570632,146,2019,84.2,26,62,53,49,13,2,2,99,0,3,2,13,0,2,2,369,4,10),(3713,605452,120,2019,64.0,33,57,41,39,7,1,4,74,2,0,2,9,0,2,1,295,4,4),(3714,630023,139,2019,133.1,28,114,61,57,23,4,3,112,0,0,0,18,3,4,1,530,9,5),(3715,605446,137,2019,99.0,36,71,74,62,21,6,2,108,0,0,0,16,0,1,0,439,6,11),(3716,458006,158,2019,59.2,29,57,34,34,8,5,3,53,10,4,2,0,1,2,2,258,8,6),(3717,519443,111,2019,71.2,45,104,18,15,1,8,2,29,15,16,6,0,1,4,3,286,10,1),(3718,572703,108,2019,49.0,13,40,27,26,8,8,5,41,1,0,1,3,1,5,1,199,3,3),(3719,519455,116,2019,112.0,25,82,89,86,19,12,6,145,0,0,0,23,0,3,4,504,1,13),(3720,615698,135,2019,103.0,28,89,61,59,15,10,3,106,1,0,0,18,0,3,3,443,6,8),(3721,664854,138,2019,36.2,12,32,13,12,5,2,0,34,1,0,1,0,1,2,1,153,2,0),(3722,570666,147,2019,81.0,31,75,42,37,14,4,3,75,4,1,0,0,0,1,4,343,2,1),(3723,605483,139,2019,107.0,40,147,53,51,14,15,1,96,0,0,0,23,1,11,1,441,6,8),(3724,656685,140,2019,62.1,18,62,38,33,7,1,2,72,5,0,1,2,0,3,3,280,2,3),(3725,488748,133,2019,45.1,23,50,16,15,8,4,2,42,12,0,5,0,0,1,3,198,1,1),(3726,570663,108,2019,72.2,16,75,20,20,6,3,0,58,2,23,4,1,1,4,3,283,5,1),(3727,605498,137,2019,32.2,14,25,23,21,7,1,1,39,1,0,1,2,0,2,4,148,0,2),(3728,605501,147,2019,24.2,15,34,20,19,6,0,2,34,2,2,1,1,1,5,0,120,1,0),(3729,607536,115,2019,104.1,39,79,85,78,25,1,2,126,0,0,0,22,0,4,4,473,3,11),(3730,605488,140,2019,32.1,23,32,23,23,4,1,0,38,1,0,0,0,0,0,2,155,4,1),(3731,605513,116,2019,148.1,59,146,86,76,14,14,16,154,0,0,0,30,0,9,4,656,3,17),(3732,607560,142,2019,54.1,10,50,25,23,7,4,1,54,12,1,3,0,0,5,3,225,4,2),(3733,488768,111,2019,53.2,29,42,39,37,8,1,3,58,4,1,0,6,0,4,1,236,2,5),(3734,642397,116,2019,57.2,33,45,39,37,9,5,0,74,2,0,1,7,0,5,3,276,0,5),(3735,474463,133,2019,176.0,49,90,80,76,20,10,4,181,0,0,0,31,0,4,4,743,13,9),(3736,605525,133,2019,32.2,9,34,14,13,2,1,2,21,1,0,1,0,0,2,1,131,3,1),(3737,456034,111,2019,107.1,32,128,57,51,15,3,3,109,0,0,0,22,1,3,1,458,7,5),(3738,605538,135,2019,29.0,10,34,17,17,5,0,0,34,4,0,2,0,1,3,1,129,2,2),(3739,605538,136,2019,22.1,6,29,17,15,5,3,0,22,4,0,1,8,0,0,0,95,1,2),(3740,554340,119,2019,62.1,14,66,28,25,15,2,6,40,4,0,3,0,1,1,1,247,1,4),(3741,605540,158,2019,121.2,30,143,49,49,12,8,5,109,0,0,0,22,1,1,2,493,11,3),(3742,607625,121,2019,80.0,16,104,28,24,8,3,5,56,21,6,5,0,0,2,1,314,7,4),(3743,656794,144,2019,68.1,29,65,28,24,8,4,3,61,16,1,2,4,0,4,2,293,6,3),(3744,607644,110,2019,155.0,38,121,68,62,23,0,5,138,0,0,0,27,0,5,3,637,12,11),(3745,650671,146,2019,29.2,26,44,20,19,10,2,4,27,4,1,1,0,0,2,0,144,2,3),(3746,476589,135,2019,28.2,12,25,18,17,9,2,1,28,3,0,0,0,0,3,0,124,4,1),(3747,521655,141,2019,39.1,11,53,16,16,7,5,1,34,1,0,0,14,0,0,2,162,2,3),(3748,433589,133,2019,83.0,10,71,25,25,11,2,0,57,29,0,2,0,0,2,3,308,5,3),(3749,554430,121,2019,195.1,50,195,93,86,22,6,2,196,0,0,0,31,0,5,7,828,11,8),(3750,593334,147,2019,143.0,39,153,69,64,30,1,5,125,0,0,0,24,0,5,1,594,18,4),(3751,572888,116,2019,38.0,12,43,11,5,5,2,1,21,0,22,3,0,0,0,0,151,0,2),(3752,572888,144,2019,24.2,5,21,11,11,3,1,2,25,10,1,2,0,0,0,1,101,0,1),(3753,593372,138,2019,48.1,18,53,18,17,2,0,3,39,3,24,3,0,0,2,1,200,4,2),(3754,673258,135,2019,29.2,14,28,10,10,3,1,3,25,0,0,0,1,1,1,1,131,1,1),(3755,472551,137,2019,13.0,3,9,6,6,2,1,0,9,8,0,0,0,0,1,0,49,0,2),(3756,445926,140,2019,78.0,22,72,48,42,12,2,5,82,8,1,1,9,0,1,2,337,3,5),(3757,622075,115,2019,34.0,14,29,22,21,7,3,1,39,1,0,2,0,0,1,1,157,0,1),(3758,642558,140,2019,122.1,36,81,94,79,21,7,4,148,1,0,0,18,0,3,9,541,7,11),(3759,642547,158,2019,85.0,37,115,58,50,15,4,2,87,5,1,1,8,0,3,1,382,7,3),(3760,460283,144,2019,32.1,16,37,15,14,5,4,2,25,10,1,0,0,0,2,2,141,1,0),(3761,595465,144,2019,21.2,11,22,14,12,5,0,1,18,6,0,1,0,0,1,0,93,3,1),(3762,624133,143,2019,48.2,12,42,18,17,6,0,1,52,7,0,3,0,1,1,2,205,6,1),(3763,669203,158,2019,49.0,20,70,52,48,17,4,0,70,4,1,0,4,0,2,0,235,1,5),(3764,622103,135,2019,26.0,11,38,22,22,3,1,3,24,1,0,1,0,0,3,2,117,4,0),(3765,472610,108,2019,62.0,33,57,35,30,13,5,5,61,6,1,2,2,0,7,2,278,2,1),(3766,548389,119,2019,90.2,20,93,40,35,11,2,2,84,3,0,0,15,0,4,4,370,4,4),(3767,656945,110,2019,26.1,19,37,17,14,4,4,2,28,2,0,1,0,0,2,0,122,1,1),(3768,628317,119,2019,153.2,51,169,70,69,22,7,4,114,4,3,0,26,0,3,3,624,10,8),(3769,656977,144,2019,29.0,19,38,22,20,6,6,3,28,6,0,0,0,1,3,0,134,0,0),(3770,532077,117,2019,65.0,12,73,20,19,8,1,2,45,0,38,6,0,0,1,1,253,4,3),(3771,601713,143,2019,93.2,39,89,64,56,20,6,4,103,1,1,0,13,1,4,4,421,4,6),(3772,573046,142,2019,22.2,2,11,11,8,3,0,2,20,1,1,0,0,0,0,0,92,0,0),(3773,573046,143,2019,28.0,8,15,18,18,3,0,2,26,7,0,1,0,0,2,1,118,1,3),(3774,501381,142,2019,146.0,28,140,68,65,23,8,5,141,0,0,0,26,0,8,7,600,11,5),(3775,650895,139,2019,68.2,26,81,32,26,8,3,5,59,17,8,2,6,0,5,1,290,5,8),(3776,657024,136,2019,58.0,12,52,41,37,17,4,2,56,1,2,0,8,0,2,1,245,1,5),(3777,657031,111,2019,47.1,16,62,17,16,5,0,2,40,6,0,2,1,0,3,1,194,2,2),(3778,657053,144,2019,41.2,26,45,28,26,5,0,7,44,2,0,1,1,0,6,0,198,4,0),(3779,493200,115,2019,18.1,6,16,19,19,6,0,0,29,3,0,1,0,0,2,0,88,3,1),(3780,489119,117,2019,167.1,61,140,83,74,23,3,5,164,0,0,0,33,2,4,5,720,14,6),(3781,450203,139,2019,194.2,57,240,71,66,15,3,12,154,0,0,0,33,1,5,3,790,16,6),(3782,503449,118,2019,40.1,19,24,28,26,7,4,2,45,5,2,3,0,0,0,2,176,2,4),(3783,593576,143,2019,67.2,24,89,24,22,10,2,6,45,2,28,6,0,2,2,2,275,3,6),(3784,622259,135,2019,51.0,28,72,32,32,5,5,5,34,16,1,3,1,0,4,2,218,1,3),(3785,657097,144,2019,32.1,12,28,10,5,4,1,1,24,9,2,2,0,0,3,0,131,4,0),(3786,552640,139,2019,49.2,12,58,25,23,7,1,2,51,3,0,0,7,0,2,2,210,1,0),(3787,573124,142,2019,69.0,11,90,20,20,8,0,6,58,10,30,6,0,0,2,0,278,2,4),(3788,282332,147,2019,107.1,39,107,64,59,27,9,3,112,1,0,0,22,0,0,1,468,5,8),(3789,628452,113,2019,67.0,21,89,31,31,12,0,2,61,3,34,6,0,0,3,1,279,3,12),(3790,593679,110,2019,110.2,26,67,77,69,29,2,3,126,0,0,0,13,1,4,1,480,1,10),(3791,579328,136,2019,161.2,50,116,109,98,36,8,6,195,0,0,0,32,1,5,5,721,6,11),(3792,573186,141,2019,124.2,35,99,50,41,10,8,0,118,0,0,0,21,0,4,1,513,6,11),(3793,661255,109,2019,60.2,17,42,27,23,11,3,0,52,21,1,3,0,0,1,4,246,2,7),(3794,669456,114,2019,214.1,40,259,86,78,31,7,6,186,0,0,0,33,1,6,1,859,15,8),(3795,448281,120,2019,60.0,15,66,27,27,11,3,2,63,2,29,6,0,0,0,0,260,6,5),(3796,608032,115,2019,72.0,23,81,34,30,12,2,1,70,11,0,2,0,1,1,3,308,2,2),(3797,614179,145,2019,40.0,24,35,27,25,6,1,2,56,1,0,1,1,0,4,2,198,1,4),(3798,489265,146,2019,37.2,13,33,18,15,4,5,0,33,1,17,1,0,1,2,3,156,2,0),(3799,489265,142,2019,22.2,4,27,9,8,3,2,2,17,16,3,2,0,0,1,1,93,0,1),(3800,425794,138,2019,171.2,64,153,83,80,22,4,8,181,0,0,0,31,0,2,5,745,14,10),(3801,501593,121,2019,32.0,14,30,18,18,5,3,3,33,3,0,0,0,0,2,0,141,4,0),(3802,673633,109,2019,53.0,22,61,31,28,7,0,3,51,15,1,5,0,0,2,2,233,5,5),(3803,542585,116,2019,35.1,19,40,21,17,5,1,3,35,4,0,2,0,0,1,2,162,0,4),(3804,489334,135,2019,82.0,15,73,36,30,13,1,2,80,31,4,9,0,0,0,3,339,8,7),(3805,425844,109,2019,146.0,21,135,48,47,15,1,3,117,0,0,0,23,0,1,3,562,10,4),(3806,663423,141,2019,154.1,61,149,87,83,24,4,5,156,0,0,0,29,0,5,7,677,6,9),(3807,501625,143,2019,59.0,18,51,25,22,8,0,1,66,16,1,2,1,0,3,3,255,3,4),(3808,663432,120,2019,48.1,38,74,22,21,6,3,4,32,9,0,3,0,0,7,0,214,2,3),(3809,661403,140,2019,23.1,6,21,8,6,2,0,1,20,4,1,0,1,0,1,0,94,2,3),(3810,622491,113,2019,190.2,79,226,76,72,22,8,7,139,0,0,0,32,3,5,1,781,15,8),(3811,622505,116,2019,42.2,15,24,25,23,8,3,2,45,10,0,3,0,0,3,1,182,3,2),(3812,595881,137,2019,117.0,46,113,70,66,22,5,5,127,0,0,0,22,0,9,3,523,5,10),(3813,593833,120,2019,71.1,26,81,36,36,5,6,3,64,19,1,6,0,1,2,3,296,6,9),(3814,475054,139,2019,51.0,31,65,27,23,3,11,1,49,25,1,5,0,1,3,1,229,1,3),(3815,458677,121,2019,39.0,19,44,12,11,4,7,2,33,9,4,1,0,1,4,0,166,4,2),(3816,606131,135,2019,72.0,18,55,34,32,6,4,2,69,7,0,2,1,0,3,0,296,2,4),(3817,458681,140,2019,208.1,59,246,89,85,21,8,8,195,0,0,0,33,0,18,6,875,16,11),(3818,595918,114,2019,26.0,8,30,16,11,4,1,0,31,0,1,0,0,0,0,2,118,3,1),(3819,477132,119,2019,178.1,41,189,63,60,28,3,2,145,0,0,0,28,1,7,1,706,16,5),(3820,606149,138,2019,74.0,16,93,19,19,9,2,3,44,19,1,3,0,1,3,1,279,3,2),(3821,458708,144,2019,79.1,7,51,35,33,14,0,0,82,7,2,2,1,0,2,2,320,2,1),(3822,622554,143,2019,24.2,12,29,13,11,3,1,1,24,9,0,2,0,0,1,0,110,3,0),(3823,606160,140,2019,29.0,5,34,8,8,5,1,2,23,7,0,1,0,1,0,0,113,2,0),(3824,544727,121,2019,60.0,42,63,39,38,7,6,3,62,14,0,4,0,0,3,1,274,4,2),(3825,489446,135,2019,60.2,13,101,14,8,2,3,7,41,0,41,3,0,0,2,1,243,0,5),(3826,628711,119,2019,79.2,27,85,28,22,7,4,5,59,8,4,1,8,1,2,1,326,4,3),(3827,456696,113,2019,42.2,20,53,39,38,7,2,1,53,12,2,3,0,0,1,3,198,2,5);
/*!40000 ALTER TABLE `mlb_pitching_stats` ENABLE KEYS */;
UNLOCK TABLES;

--
-- Table structure for table `mlb_player`
--

DROP TABLE IF EXISTS `mlb_player`;
/*!40101 SET @saved_cs_client     = @@character_set_client */;
 SET character_set_client = utf8mb4 ;
CREATE TABLE `mlb_player` (
  `MLB_PLAYER_ID` int(11) NOT NULL,
  `FULL_NAME` varchar(50) DEFAULT NULL,
  `PRIMARY_POSITION` varchar(10) DEFAULT NULL,
  `ARM_THROWS` varchar(5) DEFAULT NULL,
  `BATS` varchar(5) DEFAULT NULL,
  `JERSEY_NUMBER` int(5) DEFAULT NULL,
  `mlb_batting_stats` tinyblob,
  `mlb_pitching_stats` tinyblob,
  PRIMARY KEY (`MLB_PLAYER_ID`)
) ENGINE=InnoDB DEFAULT CHARSET=utf8mb4 COLLATE=utf8mb4_0900_ai_ci;
/*!40101 SET character_set_client = @saved_cs_client */;

--
-- Dumping data for table `mlb_player`
--

LOCK TABLES `mlb_player` WRITE;
/*!40000 ALTER TABLE `mlb_player` DISABLE KEYS */;
INSERT INTO `mlb_player` VALUES (282332,'Sabathia, CC','P','L','L',52,NULL,NULL),(405395,'Pujols, Albert','1B','R','R',5,NULL,NULL),(407845,'Rodney, Fernando','P','R','R',56,NULL,NULL),(408234,'Cabrera, Miguel','1B','R','R',24,NULL,NULL),(424144,'Perez, Oliver','P','L','L',39,NULL,NULL),(425772,'Mathis, Jeff','C','R','R',2,NULL,NULL),(425783,'Choo, Shin-Soo','LF','L','L',17,NULL,NULL),(425794,'Wainwright, Adam','P','R','R',50,NULL,NULL),(425844,'Greinke, Zack','P','R','R',21,NULL,NULL),(425877,'Molina, Yadier','C','R','R',4,NULL,NULL),(429664,'Cano, Robinson','2B','R','L',24,NULL,NULL),(429665,'Encarnacion, Edwin','1B','R','R',10,NULL,NULL),(430935,'Hamels, Cole','P','L','L',35,NULL,NULL),(430945,'Jones, Adam','RF','R','R',10,NULL,NULL),(431145,'Martin, Russell','C','R','R',55,NULL,NULL),(433589,'Petit, Yusmeiro','P','R','R',36,NULL,NULL),(434158,'Granderson, Curtis','LF','R','L',21,NULL,NULL),(434378,'Verlander, Justin','P','R','R',35,NULL,NULL),(434538,'Liriano, Francisco','P','L','L',47,NULL,NULL),(434671,'Sanchez, Anibal','P','R','R',19,NULL,NULL),(434778,'Morales, Kendrys','DH','R','S',12,NULL,NULL),(435043,'Duke, Zach','P','L','L',32,NULL,NULL),(435062,'Kendrick, Howie','3B','R','R',47,NULL,NULL),(435079,'Kinsler, Ian','2B','R','R',3,NULL,NULL),(435263,'McCann, Brian','C','R','L',16,NULL,NULL),(435522,'Walker, Neil','1B','R','S',18,NULL,NULL),(435559,'Suzuki, Kurt','C','R','R',28,NULL,NULL),(435622,'Desmond, Ian','CF','R','R',20,NULL,NULL),(443558,'Cruz, Nelson','DH','R','R',23,NULL,NULL),(444468,'Rondon, Hector','P','R','R',30,NULL,NULL),(444482,'Peralta, David','LF','L','L',6,NULL,NULL),(444489,'Pina, Manny','C','R','R',9,NULL,NULL),(445055,'Jay, Jon','CF','L','L',45,NULL,NULL),(445197,'Dunn, Mike','P','L','L',38,NULL,NULL),(445213,'Kintzler, Brandon','P','R','R',20,NULL,NULL),(445276,'Jansen, Kenley','P','R','S',74,NULL,NULL),(445926,'Chavez, Jesse','P','R','R',53,NULL,NULL),(445988,'Prado, Martin','1B','R','R',14,NULL,NULL),(446263,'Duda, Lucas','1B','R','L',9,NULL,NULL),(446308,'Wieters, Matt','C','R','S',32,NULL,NULL),(446334,'Longoria, Evan','3B','R','R',10,NULL,NULL),(446359,'Cozart, Zack','3B','R','R',7,NULL,NULL),(446481,'Rodriguez, Sean','SS','R','R',13,NULL,NULL),(448281,'Doolittle, Sean','P','L','L',63,NULL,NULL),(448602,'Reynolds, Mark','1B','R','R',12,NULL,NULL),(448609,'Sipp, Tony','P','L','L',36,NULL,NULL),(448801,'Davis, Chris','1B','R','L',19,NULL,NULL),(448855,'Guerra, Junior','P','R','R',41,NULL,NULL),(450203,'Morton, Charlie','P','R','R',50,NULL,NULL),(450314,'Zobrist, Ben','RF','R','S',18,NULL,NULL),(451584,'Davis, Wade','P','R','R',71,NULL,NULL),(451594,'Fowler, Dexter','RF','R','S',25,NULL,NULL),(452095,'Flowers, Tyler','C','R','R',25,NULL,NULL),(452254,'Pence, Hunter','DH','R','R',24,NULL,NULL),(452657,'Lester, Jon','P','L','L',34,NULL,NULL),(452678,'Cabrera, Asdrubal','3B','R','S',13,NULL,NULL),(453172,'Hughes, Jared','P','R','R',25,NULL,NULL),(453178,'Kennedy, Ian','P','R','R',31,NULL,NULL),(453192,'Miller, Andrew','P','L','L',21,NULL,NULL),(453265,'Watson, Tony','P','L','L',56,NULL,NULL),(453281,'LeBlanc, Wade','P','L','L',49,NULL,NULL),(453284,'Parker, Blake','P','R','R',53,NULL,NULL),(453286,'Scherzer, Max','P','R','R',31,NULL,NULL),(453343,'Melancon, Mark','P','R','R',41,NULL,NULL),(453562,'Arrieta, Jake','P','R','R',49,NULL,NULL),(453568,'Blackmon, Charlie','RF','L','L',19,NULL,NULL),(453943,'Frazier, Todd','3B','R','R',21,NULL,NULL),(455104,'Iannetta, Chris','C','R','R',22,NULL,NULL),(455117,'Maldonado, Martin','C','R','R',16,NULL,NULL),(455119,'Martin, Chris','P','R','R',31,NULL,NULL),(455139,'Chirinos, Robinson','C','R','R',28,NULL,NULL),(455976,'Markakis, Nick','RF','L','L',22,NULL,NULL),(456034,'Price, David','P','L','L',10,NULL,NULL),(456078,'Castillo, Welington','C','R','R',21,NULL,NULL),(456488,'Nunez, Eduardo','2B','R','R',36,NULL,NULL),(456696,'Hernandez, David','P','R','R',37,NULL,NULL),(456715,'Cain, Lorenzo','CF','R','R',6,NULL,NULL),(456781,'Solano, Donovan','SS','R','R',7,NULL,NULL),(457705,'McCutchen, Andrew','LF','R','R',22,NULL,NULL),(457708,'Upton, Justin','LF','R','R',8,NULL,NULL),(457727,'Maybin, Cameron','LF','R','R',38,NULL,NULL),(457759,'Turner, Justin','3B','R','R',10,NULL,NULL),(457763,'Posey, Buster','C','R','R',28,NULL,NULL),(457803,'Bruce, Jay','RF','L','L',32,NULL,NULL),(457915,'Guerra, Javy','P','R','R',48,NULL,NULL),(457918,'Happ, J.A.','P','L','L',34,NULL,NULL),(458006,'Albers, Matt','P','R','L',43,NULL,NULL),(458015,'Votto, Joey','1B','R','L',19,NULL,NULL),(458677,'Wilson, Justin','P','L','L',38,NULL,NULL),(458681,'Lynn, Lance','P','R','S',35,NULL,NULL),(458708,'Tomlin, Josh','P','R','R',32,NULL,NULL),(458731,'Gardner, Brett','CF','L','L',11,NULL,NULL),(459429,'McGee, Jake','P','L','L',51,NULL,NULL),(459964,'Joyce, Matt','LF','R','L',14,NULL,NULL),(460075,'Braun, Ryan','LF','R','R',8,NULL,NULL),(460086,'Gordon, Alex','LF','R','L',4,NULL,NULL),(460283,'Blevins, Jerry','P','L','L',50,NULL,NULL),(461325,'Clippard, Tyler','P','R','R',36,NULL,NULL),(461872,'Swarzak, Anthony','P','R','R',30,NULL,NULL),(462101,'Andrus, Elvis','SS','R','R',1,NULL,NULL),(465041,'Cervelli, Francisco','C','R','R',29,NULL,NULL),(465657,'Soria, Joakim','P','R','R',48,NULL,NULL),(466320,'Cabrera, Melky','RF','L','S',53,NULL,NULL),(467008,'Strop, Pedro','P','R','R',46,NULL,NULL),(467055,'Sandoval, Pablo','3B','R','S',48,NULL,NULL),(467092,'Ramos, Wilson','C','R','R',40,NULL,NULL),(467100,'Nova, Ivan','P','R','R',46,NULL,NULL),(467793,'Santana, Carlos','1B','R','S',41,NULL,NULL),(467827,'Parra, Gerardo','LF','L','L',88,NULL,NULL),(471865,'Gonzalez, Carlos','OF','L','L',24,NULL,NULL),(471911,'Carrasco, Carlos','P','R','R',59,NULL,NULL),(472551,'Abad, Fernando','P','L','L',50,NULL,NULL),(472610,'Garcia, Luis','P','R','R',40,NULL,NULL),(473879,'Dyson, Sam','P','R','R',49,NULL,NULL),(474463,'Anderson, Brett','P','L','L',30,NULL,NULL),(474568,'Mercer, Jordy','SS','R','R',7,NULL,NULL),(474832,'Belt, Brandon','1B','L','L',9,NULL,NULL),(475054,'Roe, Chaz','P','R','R',52,NULL,NULL),(475174,'Alonso, Yonder','1B','R','L',13,NULL,NULL),(475253,'Smoak, Justin','1B','L','S',14,NULL,NULL),(475479,'Phelps, David','P','R','R',35,NULL,NULL),(475582,'Zimmerman, Ryan','1B','R','R',11,NULL,NULL),(476589,'Warren, Adam','P','R','R',17,NULL,NULL),(477132,'Kershaw, Clayton','P','L','L',22,NULL,NULL),(488671,'Avila, Alex','C','R','L',31,NULL,NULL),(488726,'Brantley, Michael','LF','L','L',23,NULL,NULL),(488748,'Buchter, Ryan','P','L','L',52,NULL,NULL),(488768,'Cashner, Andrew','P','R','R',48,NULL,NULL),(488771,'Castro, Jason','C','R','L',15,NULL,NULL),(489119,'Miley, Wade','P','L','L',20,NULL,NULL),(489265,'Romo, Sergio','P','R','R',54,NULL,NULL),(489334,'Stammen, Craig','P','R','R',34,NULL,NULL),(489446,'Yates, Kirby','P','R','L',39,NULL,NULL),(493200,'Oh, Seunghwan','P','R','R',18,NULL,NULL),(493329,'Gurriel, Yuli','1B','R','R',10,NULL,NULL),(493596,'Beckham, Gordon','SS','R','R',29,NULL,NULL),(493603,'Ottavino, Adam','P','R','S',0,NULL,NULL),(500135,'Rodriguez, Ronny','SS','R','R',60,NULL,NULL),(500743,'Rojas, Miguel','SS','R','R',19,NULL,NULL),(500779,'Quintana, Jose','P','L','R',62,NULL,NULL),(500871,'Escobar, Eduardo','3B','R','S',5,NULL,NULL),(500874,'Martinez, Jose','RF','R','R',38,NULL,NULL),(501303,'Adrianza, Ehire','3B','R','S',13,NULL,NULL),(501381,'Pineda, Michael','P','R','R',35,NULL,NULL),(501571,'Lagares, Juan','CF','R','R',12,NULL,NULL),(501593,'Avilan, Luis','P','L','L',43,NULL,NULL),(501625,'Alvarez, Jose','P','L','L',52,NULL,NULL),(501789,'Harris, Will','P','R','R',36,NULL,NULL),(501896,'Freese, David','1B','R','R',25,NULL,NULL),(501925,'Smith, Joe','P','R','R',38,NULL,NULL),(501981,'Davis, Khris','LF','R','R',2,NULL,NULL),(501985,'Minor, Mike','P','L','R',23,NULL,NULL),(502026,'Jeffress, Jeremy','P','R','R',32,NULL,NULL),(502042,'Archer, Chris','P','R','R',24,NULL,NULL),(502043,'Gibson, Kyle','P','R','R',44,NULL,NULL),(502054,'Pham, Tommy','LF','R','R',29,NULL,NULL),(502110,'Martinez, J.D.','LF','R','R',28,NULL,NULL),(502154,'Britton, Zack','P','L','L',53,NULL,NULL),(502188,'Samardzija, Jeff','P','R','R',29,NULL,NULL),(502190,'Leake, Mike','P','R','R',8,NULL,NULL),(502202,'Boxberger, Brad','P','R','R',26,NULL,NULL),(502210,'Reddick, Josh','RF','R','L',22,NULL,NULL),(502239,'Cahill, Trevor','P','R','R',53,NULL,NULL),(502273,'Freeman, Mike','2B','R','L',6,NULL,NULL),(502481,'Dyson, Jarrod','CF','R','L',1,NULL,NULL),(502517,'Murphy, Daniel','1B','R','L',9,NULL,NULL),(502624,'Anderson, Chase','P','R','R',57,NULL,NULL),(502671,'Goldschmidt, Paul','1B','R','R',46,NULL,NULL),(502706,'Holland, Derek','P','L','S',45,NULL,NULL),(502748,'Peacock, Brad','P','R','R',41,NULL,NULL),(503449,'Peralta, Wily','P','R','R',43,NULL,NULL),(503556,'Gonzalez, Marwin','3B','R','S',9,NULL,NULL),(504379,'Nicasio, Juan','P','R','R',12,NULL,NULL),(506433,'Darvish, Yu','P','R','R',11,NULL,NULL),(506702,'Leon, Sandy','C','R','S',3,NULL,NULL),(514888,'Altuve, Jose','2B','R','R',27,NULL,NULL),(514917,'Hernandez, Cesar','2B','R','S',16,NULL,NULL),(516416,'Segura, Jean','SS','R','R',2,NULL,NULL),(516770,'Castro, Starlin','2B','R','R',13,NULL,NULL),(516782,'Marte, Starling','CF','R','R',6,NULL,NULL),(516969,'Herrera, Kelvin','P','R','R',41,NULL,NULL),(517008,'Colome, Alex','P','R','R',48,NULL,NULL),(518397,'Alexander, Scott','P','L','L',75,NULL,NULL),(518452,'Bettis, Chad','P','R','R',35,NULL,NULL),(518489,'Brasier, Ryan','P','R','R',70,NULL,NULL),(518516,'Bumgarner, Madison','P','L','R',40,NULL,NULL),(518553,'Cishek, Steve','P','R','R',41,NULL,NULL),(518566,'Cole, Taylor','P','R','R',67,NULL,NULL),(518586,'Culberson, Charlie','LF','R','R',8,NULL,NULL),(518595,'dArnaud, Travis','C','R','R',37,NULL,NULL),(518614,'Descalso, Daniel','2B','R','L',3,NULL,NULL),(518617,'Diekman, Jake','P','L','L',35,NULL,NULL),(518618,'Dietrich, Derek','2B','R','L',22,NULL,NULL),(518626,'Donaldson, Josh','3B','R','R',20,NULL,NULL),(518633,'Duffy, Danny','P','L','L',41,NULL,NULL),(518692,'Freeman, Freddie','1B','R','L',5,NULL,NULL),(518715,'Gearrin, Cory','P','R','R',35,NULL,NULL),(518735,'Grandal, Yasmani','C','R','S',10,NULL,NULL),(518792,'Heyward, Jason','RF','L','L',22,NULL,NULL),(518813,'Holland, Greg','P','R','R',56,NULL,NULL),(518875,'Kelley, Shawn','P','R','R',27,NULL,NULL),(518876,'Kelly, Merrill','P','R','R',29,NULL,NULL),(518886,'Kimbrel, Craig','P','R','R',24,NULL,NULL),(518934,'LeMahieu, DJ','2B','R','R',26,NULL,NULL),(518960,'Lucroy, Jonathan','C','R','R',20,NULL,NULL),(519008,'McFarland, T.J.','P','L','L',30,NULL,NULL),(519048,'Moreland, Mitch','1B','L','L',18,NULL,NULL),(519058,'Moustakas, Mike','2B','R','L',11,NULL,NULL),(519096,'Otero, Dan','P','R','R',61,NULL,NULL),(519141,'Pomeranz, Drew','P','L','R',37,NULL,NULL),(519144,'Porcello, Rick','P','R','R',22,NULL,NULL),(519151,'Pressly, Ryan','P','R','R',55,NULL,NULL),(519203,'Rizzo, Anthony','1B','L','L',44,NULL,NULL),(519222,'Romine, Austin','C','R','R',28,NULL,NULL),(519242,'Sale, Chris','P','L','L',41,NULL,NULL),(519293,'Smith, Will','P','L','R',13,NULL,NULL),(519299,'Sogard, Eric','2B','R','L',5,NULL,NULL),(519326,'Strickland, Hunter','P','R','R',60,NULL,NULL),(519346,'Thames, Eric','1B','R','L',7,NULL,NULL),(519390,'Vogt, Stephen','C','R','L',21,NULL,NULL),(519393,'Walden, Marcus','P','R','R',64,NULL,NULL),(519443,'Workman, Brandon','P','R','R',44,NULL,NULL),(519455,'Zimmermann, Jordan','P','R','R',27,NULL,NULL),(520471,'Galvis, Freddy','SS','R','S',16,NULL,NULL),(520980,'Baez, Pedro','P','R','R',52,NULL,NULL),(521230,'Hendriks, Liam','P','R','R',16,NULL,NULL),(521655,'Font, Wilmer','P','R','R',63,NULL,NULL),(523253,'Forsythe, Logan','1B','R','R',41,NULL,NULL),(523260,'Kelly, Joe','P','R','R',17,NULL,NULL),(527038,'Flores, Wilmer','2B','R','R',41,NULL,NULL),(527048,'Perez, Martin','P','L','L',33,NULL,NULL),(527054,'Teheran, Julio','P','R','R',49,NULL,NULL),(532077,'Osuna, Roberto','P','R','R',54,NULL,NULL),(541645,'Garcia, Avisail','RF','R','R',24,NULL,NULL),(541650,'Perez, Hernan','2B','R','R',14,NULL,NULL),(542255,'Inciarte, Ender','CF','L','L',11,NULL,NULL),(542303,'Ozuna, Marcell','LF','R','R',23,NULL,NULL),(542340,'Villar, Jonathan','2B','R','S',2,NULL,NULL),(542454,'Santana, Danny','OF','R','S',38,NULL,NULL),(542583,'Aguilar, Jesus','1B','R','R',21,NULL,NULL),(542585,'Cisnero, Jose','P','R','R',67,NULL,NULL),(542882,'Andriese, Matt','P','R','R',35,NULL,NULL),(542888,'Armstrong, Shawn','P','R','R',37,NULL,NULL),(542914,'Bass, Anthony','P','R','R',52,NULL,NULL),(542921,'Beckham, Tim','SS','R','R',1,NULL,NULL),(542932,'Berti, Jon','3B','R','R',55,NULL,NULL),(542947,'Bleier, Richard','P','L','L',48,NULL,NULL),(542953,'Boshers, Buddy','P','L','L',67,NULL,NULL),(542960,'Brach, Brad','P','R','R',29,NULL,NULL),(542979,'Broxton, Keon','CF','R','R',4,NULL,NULL),(543022,'Chatwood, Tyler','P','R','R',32,NULL,NULL),(543037,'Cole, Gerrit','P','R','R',45,NULL,NULL),(543045,'Conley, Adam','P','L','L',61,NULL,NULL),(543063,'Crawford, Brandon','SS','R','L',35,NULL,NULL),(543068,'Cron, C.J.','1B','R','R',24,NULL,NULL),(543101,'DeSclafani, Anthony','P','R','R',28,NULL,NULL),(543105,'Dickerson, Alex','LF','L','L',8,NULL,NULL),(543118,'Drake, Oliver','P','R','R',47,NULL,NULL),(543135,'Eovaldi, Nathan','P','R','R',17,NULL,NULL),(543208,'Gaviglio, Sam','P','R','R',43,NULL,NULL),(543228,'Gomes, Yan','C','R','R',10,NULL,NULL),(543243,'Gray, Sonny','P','R','R',54,NULL,NULL),(543257,'Grossman, Robbie','LF','L','S',8,NULL,NULL),(543272,'Hand, Brad','P','L','L',33,NULL,NULL),(543278,'Hardy, Blaine','P','L','L',36,NULL,NULL),(543281,'Harrison, Josh','2B','R','R',1,NULL,NULL),(543294,'Hendricks, Kyle','P','R','R',28,NULL,NULL),(543305,'Hicks, Aaron','CF','R','S',31,NULL,NULL),(543308,'Hicks, John','C','R','R',55,NULL,NULL),(543333,'Hosmer, Eric','1B','L','L',30,NULL,NULL),(543339,'Hudson, Daniel','P','R','R',44,NULL,NULL),(543351,'Jackson, Jay','P','R','R',25,NULL,NULL),(543401,'Kipnis, Jason','2B','R','L',22,NULL,NULL),(543483,'Magill, Matt','P','R','R',61,NULL,NULL),(543507,'May, Trevor','P','R','R',65,NULL,NULL),(543510,'McCann, James','C','R','R',33,NULL,NULL),(543521,'McHugh, Collin','P','R','R',31,NULL,NULL),(543543,'Miller, Brad','2B','R','L',33,NULL,NULL),(543548,'Milone, Tommy','P','L','L',57,NULL,NULL),(543592,'Nola, Austin','C','R','R',23,NULL,NULL),(543606,'Odorizzi, Jake','P','R','R',12,NULL,NULL),(543685,'Rendon, Anthony','3B','R','R',6,NULL,NULL),(543699,'Roark, Tanner','P','R','R',60,NULL,NULL),(543760,'Semien, Marcus','SS','R','R',10,NULL,NULL),(543766,'Shaw, Bryan','P','R','S',29,NULL,NULL),(543768,'Shaw, Travis','3B','R','L',21,NULL,NULL),(543807,'Springer, George','RF','R','R',4,NULL,NULL),(543829,'Gordon, Dee','2B','R','L',9,NULL,NULL),(543877,'Vazquez, Christian','C','R','R',7,NULL,NULL),(543939,'Wong, Kolten','2B','R','L',16,NULL,NULL),(544369,'Gregorius, Didi','SS','R','L',18,NULL,NULL),(544725,'Garcia, Leury','CF','R','S',28,NULL,NULL),(544727,'Familia, Jeurys','P','R','R',27,NULL,NULL),(544931,'Strasburg, Stephen','P','R','R',37,NULL,NULL),(545064,'Diaz, Jairo','P','R','R',37,NULL,NULL),(545121,'Vargas, Ildemaro','2B','R','S',15,NULL,NULL),(545333,'Bauer, Trevor','P','R','R',47,NULL,NULL),(545341,'Grichuk, Randal','CF','R','R',15,NULL,NULL),(545350,'Marisnick, Jake','CF','R','R',6,NULL,NULL),(545361,'Trout, Mike','CF','R','R',27,NULL,NULL),(546318,'Herrera, Odubel','CF','R','L',37,NULL,NULL),(546991,'Almora Jr., Albert','CF','R','R',5,NULL,NULL),(547004,'Ruiz, Rio','3B','R','L',14,NULL,NULL),(547172,'Wolters, Tony','C','R','L',14,NULL,NULL),(547179,'Lorenzen, Michael','P','R','R',21,NULL,NULL),(547180,'Harper, Bryce','RF','R','L',3,NULL,NULL),(547379,'Perez, Roberto','C','R','R',55,NULL,NULL),(547888,'Tanaka, Masahiro','P','R','R',19,NULL,NULL),(547943,'Ryu, Hyun-Jin','P','L','R',99,NULL,NULL),(547973,'Chapman, Aroldis','P','L','L',54,NULL,NULL),(547982,'Martin, Leonys','CF','R','L',2,NULL,NULL),(547989,'Abreu, Jose','1B','R','R',79,NULL,NULL),(548389,'Stripling, Ross','P','R','R',68,NULL,NULL),(552640,'Kittredge, Andrew','P','R','R',36,NULL,NULL),(553869,'Diaz, Elias','C','R','R',32,NULL,NULL),(553878,'Vazquez, Felipe','P','L','L',73,NULL,NULL),(553882,'Narvaez, Omar','C','R','L',22,NULL,NULL),(553902,'Astudillo, Willians','C','R','R',64,NULL,NULL),(553993,'Suarez, Eugenio','3B','R','R',7,NULL,NULL),(554340,'Garcia, Yimi','P','R','R',63,NULL,NULL),(554430,'Wheeler, Zack','P','R','L',45,NULL,NULL),(570240,'Pena, Felix','P','R','R',64,NULL,NULL),(570256,'Polanco, Gregory','RF','L','L',25,NULL,NULL),(570267,'Santana, Domingo','LF','R','R',16,NULL,NULL),(570481,'Gonzalez, Erik','SS','R','R',2,NULL,NULL),(570482,'Urshela, Gio','3B','R','R',29,NULL,NULL),(570560,'Sanchez, Yolmer','2B','R','S',5,NULL,NULL),(570632,'Urena, Jose','P','R','R',62,NULL,NULL),(570663,'Robles, Hansel','P','R','R',57,NULL,NULL),(570666,'Cessa, Luis','P','R','R',85,NULL,NULL),(570731,'Schoop, Jonathan','2B','R','R',16,NULL,NULL),(571431,'Adams, Matt','1B','R','L',15,NULL,NULL),(571448,'Arenado, Nolan','3B','R','R',28,NULL,NULL),(571466,'Barnhart, Tucker','C','R','L',16,NULL,NULL),(571506,'Bour, Justin','1B','R','L',41,NULL,NULL),(571510,'Boyd, Matthew','P','L','L',48,NULL,NULL),(571578,'Corbin, Patrick','P','L','L',46,NULL,NULL),(571656,'Farmer, Buck','P','R','L',45,NULL,NULL),(571657,'Farmer, Kyle','2B','R','R',52,NULL,NULL),(571666,'Fiers, Mike','P','R','R',50,NULL,NULL),(571670,'Floro, Dylan','P','R','L',51,NULL,NULL),(571704,'Giles, Ken','P','R','R',51,NULL,NULL),(571710,'Givens, Mychal','P','R','R',60,NULL,NULL),(571718,'Goodwin, Brian','LF','R','L',18,NULL,NULL),(571740,'Hamilton, Billy','CF','R','S',6,NULL,NULL),(571745,'Haniger, Mitch','RF','R','R',17,NULL,NULL),(571771,'Hernandez, Enrique','2B','R','R',14,NULL,NULL),(571788,'Holt, Brock','2B','R','L',12,NULL,NULL),(571858,'Kline, Branden','P','R','R',52,NULL,NULL),(571875,'Lamb, Jake','1B','R','L',22,NULL,NULL),(571882,'Law, Derek','P','R','R',64,NULL,NULL),(571912,'Maile, Luke','C','R','R',21,NULL,NULL),(571927,'Matz, Steven','P','L','R',32,NULL,NULL),(571945,'Mikolas, Miles','P','R','R',39,NULL,NULL),(571970,'Muncy, Max','1B','R','L',13,NULL,NULL),(571976,'Myers, Wil','LF','R','R',4,NULL,NULL),(571980,'Naquin, Tyler','RF','R','L',30,NULL,NULL),(572008,'Owings, Chris','2B','R','R',2,NULL,NULL),(572020,'Paxton, James','P','L','L',65,NULL,NULL),(572033,'Phegley, Josh','C','R','R',19,NULL,NULL),(572039,'Piscotty, Stephen','RF','R','R',25,NULL,NULL),(572041,'Pollock, A.J.','CF','R','R',11,NULL,NULL),(572073,'Rickard, Joey','RF','L','R',37,NULL,NULL),(572122,'Seager, Kyle','3B','R','L',15,NULL,NULL),(572193,'Tepera, Ryan','P','R','R',52,NULL,NULL),(572228,'Voit, Luke','1B','R','R',45,NULL,NULL),(572233,'Walker, Christian','1B','R','R',53,NULL,NULL),(572287,'Zunino, Mike','C','R','R',10,NULL,NULL),(572362,'Erlin, Robbie','P','L','R',41,NULL,NULL),(572365,'Goins, Ryan','2B','R','L',17,NULL,NULL),(572403,'VerHagen, Drew','P','R','R',54,NULL,NULL),(572703,'Bard, Luke','P','R','R',39,NULL,NULL),(572761,'Carpenter, Matt','3B','R','L',13,NULL,NULL),(572816,'Dickerson, Corey','LF','R','L',12,NULL,NULL),(572821,'Dozier, Brian','2B','R','R',9,NULL,NULL),(572888,'Greene, Shane','P','R','R',61,NULL,NULL),(573046,'Morin, Mike','P','R','R',28,NULL,NULL),(573124,'Rogers, Taylor','P','L','L',55,NULL,NULL),(573186,'Stroman, Marcus','P','R','R',6,NULL,NULL),(573262,'Yastrzemski, Mike','LF','L','L',5,NULL,NULL),(573668,'Minaya, Juan','P','R','R',37,NULL,NULL),(575929,'Contreras, Willson','C','R','R',40,NULL,NULL),(578428,'Iglesias, Jose','SS','R','R',4,NULL,NULL),(579328,'Kikuchi, Yusei','P','L','L',18,NULL,NULL),(580792,'Goody, Nick','P','R','R',44,NULL,NULL),(584171,'Velazquez, Hector','P','R','R',76,NULL,NULL),(588751,'Hechavarria, Adeiny','2B','R','R',11,NULL,NULL),(591741,'Osuna, Jose','3B','R','R',36,NULL,NULL),(592094,'Adam, Jason','P','R','R',48,NULL,NULL),(592102,'Allen, Cody','P','R','R',37,NULL,NULL),(592122,'Austin, Tyler','1B','R','R',19,NULL,NULL),(592135,'Bedrosian, Cam','P','R','R',32,NULL,NULL),(592165,'Brennan, Brandon','P','R','R',65,NULL,NULL),(592169,'Brice, Austin','P','R','R',37,NULL,NULL),(592178,'Bryant, Kris','3B','R','R',17,NULL,NULL),(592192,'Canha, Mark','OF','R','R',20,NULL,NULL),(592200,'Casali, Curt','C','R','R',12,NULL,NULL),(592206,'Castellanos, Nick','RF','R','R',9,NULL,NULL),(592222,'Claudio, Alex','P','L','L',58,NULL,NULL),(592233,'Crichton, Stefan','P','R','R',58,NULL,NULL),(592261,'DeShields, Delino','CF','R','R',3,NULL,NULL),(592273,'Drury, Brandon','3B','R','R',3,NULL,NULL),(592314,'Foltynewicz, Mike','P','R','R',26,NULL,NULL),(592325,'Gamel, Ben','LF','L','L',16,NULL,NULL),(592348,'Goodrum, Niko','LF','R','S',28,NULL,NULL),(592351,'Gray, Jon','P','R','R',55,NULL,NULL),(592387,'Healy, Ryon','3B','R','R',27,NULL,NULL),(592390,'Hembree, Heath','P','R','R',37,NULL,NULL),(592407,'Holaday, Bryan','C','R','R',28,NULL,NULL),(592426,'Jackson, Luke','P','R','R',77,NULL,NULL),(592444,'Jones, JaCoby','CF','R','R',21,NULL,NULL),(592450,'Judge, Aaron','RF','R','R',99,NULL,NULL),(592454,'Kahnle, Tommy','P','R','R',48,NULL,NULL),(592473,'Kolarek, Adam','P','L','L',56,NULL,NULL),(592518,'Machado, Manny','SS','R','R',13,NULL,NULL),(592567,'Moran, Colin','3B','R','L',19,NULL,NULL),(592612,'Osich, Josh','P','L','L',64,NULL,NULL),(592626,'Pederson, Joc','LF','L','L',31,NULL,NULL),(592644,'Plutko, Adam','P','R','R',45,NULL,NULL),(592662,'Ray, Robbie','P','L','L',38,NULL,NULL),(592663,'Realmuto, J.T.','C','R','R',10,NULL,NULL),(592669,'Renfroe, Hunter','LF','R','R',10,NULL,NULL),(592696,'Rosario, Eddie','LF','R','L',20,NULL,NULL),(592716,'Sampson, Adrian','P','R','R',52,NULL,NULL),(592717,'Sanchez, Aaron','P','R','R',41,NULL,NULL),(592743,'Simmons, Andrelton','SS','R','R',2,NULL,NULL),(592761,'Smith, Caleb','P','L','R',31,NULL,NULL),(592773,'Stanek, Ryne','P','R','R',55,NULL,NULL),(592789,'Syndergaard, Noah','P','R','L',34,NULL,NULL),(592815,'Tuivailala, Sam','P','R','R',26,NULL,NULL),(592826,'Velasquez, Vince','P','R','R',21,NULL,NULL),(592858,'Wick, Rowan','P','R','L',50,NULL,NULL),(592859,'Wilkerson, Stevie','CF','R','S',12,NULL,NULL),(592866,'Williams, Trevor','P','R','R',34,NULL,NULL),(592885,'Yelich, Christian','RF','R','L',22,NULL,NULL),(593140,'Feliz, Michael','P','R','R',45,NULL,NULL),(593144,'Rodriguez, Richard','P','R','R',81,NULL,NULL),(593160,'Merrifield, Whit','2B','R','R',15,NULL,NULL),(593334,'German, Domingo','P','R','R',55,NULL,NULL),(593372,'Martinez, Carlos','P','R','R',18,NULL,NULL),(593428,'Bogaerts, Xander','SS','R','R',2,NULL,NULL),(593523,'Hernandez, Marco','3B','R','L',40,NULL,NULL),(593576,'Neris, Hector','P','R','R',50,NULL,NULL),(593643,'Alberto, Hanser','2B','R','R',57,NULL,NULL),(593679,'Ynoa, Gabriel','P','R','R',64,NULL,NULL),(593833,'Suero, Wander','P','R','R',51,NULL,NULL),(593871,'Polanco, Jorge','SS','R','S',11,NULL,NULL),(593934,'Sano, Miguel','3B','R','R',22,NULL,NULL),(593958,'Rodriguez, Eduardo','P','L','L',57,NULL,NULL),(593974,'Peralta, Wandy','P','L','L',60,NULL,NULL),(594011,'Herrera, Rosell','CF','R','S',5,NULL,NULL),(594027,'Guerrero, Tayron','P','R','R',56,NULL,NULL),(594311,'Gustave, Jandel','P','R','R',74,NULL,NULL),(594694,'Difo, Wilmer','2B','R','S',1,NULL,NULL),(594777,'Calhoun, Kole','RF','L','L',56,NULL,NULL),(594798,'deGrom, Jacob','P','R','L',48,NULL,NULL),(594807,'Duvall, Adam','LF','R','R',23,NULL,NULL),(594809,'Eaton, Adam','RF','L','L',2,NULL,NULL),(594824,'Garcia, Greg','2B','R','L',5,NULL,NULL),(594835,'Gonzales, Marco','P','L','L',7,NULL,NULL),(594840,'Grace, Matt','P','L','L',33,NULL,NULL),(594986,'Ryan, Kyle','P','L','L',56,NULL,NULL),(594987,'Sadler, Casey','P','R','R',65,NULL,NULL),(595014,'Treinen, Blake','P','R','R',39,NULL,NULL),(595281,'Kiermaier, Kevin','CF','R','L',39,NULL,NULL),(595284,'Knapp, Andrew','C','R','S',15,NULL,NULL),(595375,'Riddle, JT','SS','R','L',10,NULL,NULL),(595465,'Winkler, Dan','P','R','R',58,NULL,NULL),(595751,'Alfaro, Jorge','C','R','R',38,NULL,NULL),(595777,'Profar, Jurickson','2B','R','S',23,NULL,NULL),(595879,'Baez, Javier','SS','R','R',9,NULL,NULL),(595881,'Beede, Tyler','P','R','R',38,NULL,NULL),(595909,'Cave, Jake','CF','L','L',60,NULL,NULL),(595918,'Cole, A.J.','P','R','R',34,NULL,NULL),(595956,'Gallagher, Cam','C','R','R',36,NULL,NULL),(595978,'Hedges, Austin','C','R','R',18,NULL,NULL),(596001,'Junis, Jakob','P','R','R',65,NULL,NULL),(596019,'Lindor, Francisco','SS','R','S',12,NULL,NULL),(596057,'Norris, Daniel','P','L','L',44,NULL,NULL),(596059,'Odor, Rougned','2B','R','L',12,NULL,NULL),(596101,'Shafer, Justin','P','R','R',50,NULL,NULL),(596103,'Slater, Austin','LF','R','R',53,NULL,NULL),(596105,'Smith Jr, Dwight','LF','R','L',35,NULL,NULL),(596112,'Stephenson, Robert','P','R','R',55,NULL,NULL),(596115,'Story, Trevor','SS','R','R',27,NULL,NULL),(596129,'Vogelbach, Daniel','1B','R','L',20,NULL,NULL),(596142,'Sanchez, Gary','C','R','R',24,NULL,NULL),(596144,'Cuthbert, Cheslor','3B','R','R',19,NULL,NULL),(596146,'Kepler, Max','RF','L','L',26,NULL,NULL),(596451,'Quinn, Roman','CF','R','S',24,NULL,NULL),(596748,'Franco, Maikel','3B','R','R',7,NULL,NULL),(596847,'Choi, Ji-Man','1B','R','L',26,NULL,NULL),(597113,'Johnson, DJ','P','R','L',63,NULL,NULL),(598264,'Barnes, Matt','P','R','R',32,NULL,NULL),(598265,'Bradley Jr., Jackie','CF','R','L',19,NULL,NULL),(598271,'Johnson, Brian','P','L','L',61,NULL,NULL),(598286,'Ramirez, Nick','P','L','L',63,NULL,NULL),(598287,'Ramirez, Noe','P','R','R',24,NULL,NULL),(600303,'La Stella, Tommy','2B','R','L',9,NULL,NULL),(600474,'Severino, Pedro','C','R','R',28,NULL,NULL),(600524,'Nunez, Renato','3B','R','R',39,NULL,NULL),(600858,'Arteaga, Humberto','3B','R','R',2,NULL,NULL),(600869,'Candelario, Jeimer','3B','R','S',46,NULL,NULL),(600917,'Leclerc, Jose','P','R','R',25,NULL,NULL),(601713,'Pivetta, Nick','P','R','R',43,NULL,NULL),(602074,'Daza, Yonathan','LF','R','R',31,NULL,NULL),(602922,'Rondon, Jose','2B','R','R',20,NULL,NULL),(605113,'Ahmed, Nick','SS','R','R',13,NULL,NULL),(605119,'Anderson, Brian','3B','R','R',15,NULL,NULL),(605121,'Anderson, Justin','P','R','L',38,NULL,NULL),(605130,'Barlow, Scott','P','R','R',58,NULL,NULL),(605131,'Barnes, Austin','C','R','R',15,NULL,NULL),(605135,'Bassitt, Chris','P','R','R',40,NULL,NULL),(605137,'Bell, Josh','1B','R','S',55,NULL,NULL),(605141,'Betts, Mookie','RF','R','R',50,NULL,NULL),(605151,'Bradley, Archie','P','R','R',25,NULL,NULL),(605154,'Brebbia, John','P','R','L',60,NULL,NULL),(605155,'Brewer, Colten','P','R','R',54,NULL,NULL),(605164,'Bundy, Dylan','P','R','S',37,NULL,NULL),(605170,'Caratini, Victor','C','R','S',7,NULL,NULL),(605177,'Chafin, Andrew','P','L','R',40,NULL,NULL),(605182,'Clevinger, Mike','P','R','R',52,NULL,NULL),(605195,'Crick, Kyle','P','R','L',30,NULL,NULL),(605200,'Davies, Zach','P','R','R',27,NULL,NULL),(605204,'Davis, J.D.','3B','R','R',28,NULL,NULL),(605233,'Fisher, Derek','RF','R','L',20,NULL,NULL),(605240,'Fry, Jace','P','L','L',57,NULL,NULL),(605276,'Hess, David','P','R','R',41,NULL,NULL),(605280,'Holmes, Clay','P','R','R',52,NULL,NULL),(605288,'Houser, Adrian','P','R','R',37,NULL,NULL),(605309,'Kela, Keone','P','R','R',35,NULL,NULL),(605347,'Lopez, Jorge','P','R','R',28,NULL,NULL),(605359,'Marshall, Evan','P','R','R',43,NULL,NULL),(605388,'Morgan, Adam','P','L','L',46,NULL,NULL),(605397,'Musgrove, Joe','P','R','R',59,NULL,NULL),(605400,'Nola, Aaron','P','R','R',27,NULL,NULL),(605412,'Panik, Joe','2B','R','L',12,NULL,NULL),(605446,'Rodriguez, Dereck','P','R','R',57,NULL,NULL),(605452,'Ross, Joe','P','R','R',41,NULL,NULL),(605480,'Smith, Mallex','CF','R','L',0,NULL,NULL),(605483,'Snell, Blake','P','L','L',4,NULL,NULL),(605486,'Spangenberg, Cory','3B','R','L',5,NULL,NULL),(605488,'Springs, Jeffrey','P','L','L',54,NULL,NULL),(605490,'Starling, Bubba','CF','R','R',11,NULL,NULL),(605498,'Suarez, Andrew','P','L','L',59,NULL,NULL),(605501,'Tarpley, Stephen','P','L','R',71,NULL,NULL),(605508,'Tilson, Charlie','RF','L','L',22,NULL,NULL),(605513,'Turnbull, Spencer','P','R','R',56,NULL,NULL),(605525,'Wendelken, J.B.','P','R','R',57,NULL,NULL),(605538,'Wisler, Matt','P','R','R',44,NULL,NULL),(605540,'Woodruff, Brandon','P','R','L',53,NULL,NULL),(605612,'Castro, Harold','3B','R','L',30,NULL,NULL),(606115,'Arcia, Orlando','SS','R','R',3,NULL,NULL),(606131,'Perdomo, Luis','P','R','R',61,NULL,NULL),(606132,'Tapia, Raimel','LF','L','L',15,NULL,NULL),(606149,'Gallegos, Giovanny','P','R','R',65,NULL,NULL),(606157,'Aquino, Aristides','RF','R','R',44,NULL,NULL),(606160,'Montero, Rafael','P','R','R',48,NULL,NULL),(606192,'Hernandez, Teoscar','LF','R','R',37,NULL,NULL),(606273,'Elias, Roenis','P','L','L',29,NULL,NULL),(606299,'Peraza, Jose','2B','R','R',9,NULL,NULL),(606424,'Garcia, Jarlin','P','L','L',66,NULL,NULL),(606466,'Marte, Ketel','CF','R','S',4,NULL,NULL),(606625,'Moronta, Reyes','P','R','R',54,NULL,NULL),(606965,'Devenski, Chris','P','R','R',47,NULL,NULL),(606988,'Greiner, Grayson','C','R','R',17,NULL,NULL),(607043,'Nimmo, Brandon','CF','R','L',9,NULL,NULL),(607054,'Peterson, Jace','3B','R','L',23,NULL,NULL),(607200,'Fedde, Erick','P','R','R',23,NULL,NULL),(607208,'Turner, Trea','SS','R','R',7,NULL,NULL),(607229,'Gsellman, Robert','P','R','R',65,NULL,NULL),(607231,'Gant, John','P','R','R',53,NULL,NULL),(607237,'Garrett, Amir','P','L','R',50,NULL,NULL),(607345,'Smith, Kevan','C','R','R',44,NULL,NULL),(607352,'Biagini, Joe','P','R','R',31,NULL,NULL),(607457,'Barraclough, Kyle','P','R','R',20,NULL,NULL),(607461,'Beaty, Matt','1B','R','L',45,NULL,NULL),(607481,'Bummer, Aaron','P','L','L',39,NULL,NULL),(607536,'Freeland, Kyle','P','L','L',21,NULL,NULL),(607560,'Harper, Ryne','P','R','R',19,NULL,NULL),(607625,'Lugo, Seth','P','R','R',67,NULL,NULL),(607644,'Means, John','P','L','L',67,NULL,NULL),(607680,'Pillar, Kevin','CF','R','R',11,NULL,NULL),(607732,'Stallings, Jacob','C','R','R',58,NULL,NULL),(607752,'Travis, Sam','1B','R','R',59,NULL,NULL),(608032,'Estevez, Carlos','P','R','R',54,NULL,NULL),(608070,'Ramirez, Jose','3B','R','S',11,NULL,NULL),(608324,'Bregman, Alex','3B','R','R',2,NULL,NULL),(608331,'Fried, Max','P','L','L',54,NULL,NULL),(608336,'Gallo, Joey','CF','R','L',13,NULL,NULL),(608337,'Giolito, Lucas','P','R','R',27,NULL,NULL),(608348,'Kelly, Carson','C','R','R',18,NULL,NULL),(608365,'Russell, Addison','2B','R','R',27,NULL,NULL),(608369,'Seager, Corey','SS','R','L',5,NULL,NULL),(608371,'Sims, Lucas','P','R','R',39,NULL,NULL),(608379,'Wacha, Michael','P','R','R',52,NULL,NULL),(608384,'Williams, Nick','LF','L','L',5,NULL,NULL),(608385,'Winker, Jesse','LF','L','L',33,NULL,NULL),(608475,'Lugo, Dawel','3B','R','R',18,NULL,NULL),(608566,'Marquez, German','P','R','R',48,NULL,NULL),(608577,'Mazara, Nomar','RF','L','L',30,NULL,NULL),(608596,'Murphy, Tom','C','R','R',2,NULL,NULL),(608597,'Guzman, Ronald','1B','L','L',11,NULL,NULL),(608638,'Chargois, JT','P','R','S',47,NULL,NULL),(608648,'Duffey, Tyler','P','R','R',21,NULL,NULL),(608678,'Leone, Dominic','P','R','R',55,NULL,NULL),(608700,'Plawecki, Kevin','C','R','R',27,NULL,NULL),(608717,'Stratton, Chris','P','R','R',46,NULL,NULL),(609275,'Mondesi, Adalberto','SS','R','S',27,NULL,NULL),(612434,'Castro, Miguel','P','R','R',50,NULL,NULL),(612672,'Chen, Wei-Yin','P','L','R',20,NULL,NULL),(613534,'Adams, Austin','P','R','R',70,NULL,NULL),(614177,'Reyes, Franmil','RF','R','R',32,NULL,NULL),(614179,'Ruiz, Jose','P','R','R',66,NULL,NULL),(615698,'Quantrill, Cal','P','R','L',40,NULL,NULL),(621002,'Robertson, Daniel','3B','R','R',28,NULL,NULL),(621005,'Lopes, Tim','2B','R','R',10,NULL,NULL),(621006,'Martin, Richie','SS','R','R',1,NULL,NULL),(621020,'Swanson, Dansby','SS','R','R',7,NULL,NULL),(621028,'Newman, Kevin','SS','R','R',27,NULL,NULL),(621035,'Taylor, Chris','LF','R','R',3,NULL,NULL),(621043,'Correa, Carlos','SS','R','R',1,NULL,NULL),(621107,'Eflin, Zach','P','R','R',56,NULL,NULL),(621111,'Buehler, Walker','P','R','R',21,NULL,NULL),(621142,'Buttrey, Ty','P','R','L',31,NULL,NULL),(621199,'Bowman, Matt','P','R','R',67,NULL,NULL),(621237,'Alvarado, Jose','P','L','L',46,NULL,NULL),(621242,'Diaz, Edwin','P','R','R',39,NULL,NULL),(621244,'Berrios, Jose','P','R','R',17,NULL,NULL),(621295,'Wittgren, Nick','P','R','R',62,NULL,NULL),(621311,'Dahl, David','LF','R','L',26,NULL,NULL),(621345,'Minter, A.J.','P','L','L',33,NULL,NULL),(621363,'Poche, Colin','P','L','L',38,NULL,NULL),(621381,'Strahm, Matt','P','L','R',55,NULL,NULL),(621385,'Stumpf, Daniel','P','L','L',68,NULL,NULL),(621397,'Olson, Tyler','P','L','R',49,NULL,NULL),(621439,'Buxton, Byron','CF','R','R',25,NULL,NULL),(621446,'Brinson, Lewis','CF','R','R',9,NULL,NULL),(621453,'Duggar, Steven','RF','R','L',6,NULL,NULL),(621466,'Stewart, DJ','RF','R','L',24,NULL,NULL),(621512,'Nido, Tomas','C','R','R',3,NULL,NULL),(621514,'Stewart, Christin','LF','R','L',14,NULL,NULL),(621563,'Wendle, Joey','2B','R','L',18,NULL,NULL),(621566,'Olson, Matt','1B','R','L',28,NULL,NULL),(621573,'Dean, Austin','LF','R','R',44,NULL,NULL),(622075,'Almonte, Yency','P','R','S',62,NULL,NULL),(622103,'Reyes, Gerardo','P','R','R',64,NULL,NULL),(622110,'Duffy, Matt','3B','R','R',5,NULL,NULL),(622168,'Munoz, Yairo','2B','R','R',34,NULL,NULL),(622259,'Wingenter, Trey','P','R','R',58,NULL,NULL),(622491,'Castillo, Luis','P','R','R',58,NULL,NULL),(622505,'Alcantara, Victor','P','R','R',58,NULL,NULL),(622534,'Margot, Manuel','CF','R','R',7,NULL,NULL),(622554,'Dominguez, Seranthony','P','R','R',58,NULL,NULL),(622569,'Reyes, Pablo','LF','R','R',15,NULL,NULL),(622608,'Senzatela, Antonio','P','R','R',49,NULL,NULL),(622666,'Camargo, Johan','3B','R','S',17,NULL,NULL),(622682,'Reyes, Victor','LF','R','S',22,NULL,NULL),(622694,'Hernandez, Elieser','P','R','R',57,NULL,NULL),(622772,'Cordero, Jimmy','P','R','R',66,NULL,NULL),(622786,'Tinoco, Jesus','P','R','R',32,NULL,NULL),(623184,'Oberg, Scott','P','R','R',45,NULL,NULL),(623352,'Hader, Josh','P','L','L',71,NULL,NULL),(623364,'Wieck, Brad','P','L','L',57,NULL,NULL),(623381,'Pannone, Thomas','P','L','L',45,NULL,NULL),(623433,'Anderson, Nick','P','R','R',70,NULL,NULL),(623465,'Phillips, Evan','P','R','R',58,NULL,NULL),(623470,'Newberry, Jake','P','R','R',68,NULL,NULL),(623520,'Bote, David','3B','R','R',13,NULL,NULL),(623912,'Ramirez, Harold','CF','R','R',47,NULL,NULL),(623993,'Santander, Anthony','LF','R','S',25,NULL,NULL),(624133,'Suarez, Ranger','P','L','L',55,NULL,NULL),(624413,'Alonso, Pete','1B','R','R',20,NULL,NULL),(624415,'Biggio, Cavan','2B','R','L',8,NULL,NULL),(624424,'Conforto, Michael','RF','R','L',30,NULL,NULL),(624428,'Frazier, Adam','2B','R','L',26,NULL,NULL),(624431,'Trevino, Jose','C','R','R',56,NULL,NULL),(624512,'McGuire, Reese','C','R','L',10,NULL,NULL),(624577,'Puig, Yasiel','RF','R','R',66,NULL,NULL),(624585,'Soler, Jorge','RF','R','R',12,NULL,NULL),(625643,'Lopez, Reynaldo','P','R','R',40,NULL,NULL),(628317,'Maeda, Kenta','P','R','R',18,NULL,NULL),(628338,'Heredia, Guillermo','CF','L','R',54,NULL,NULL),(628356,'Kang, Jung Ho','3B','R','R',16,NULL,NULL),(628452,'Iglesias, Raisel','P','R','R',26,NULL,NULL),(628711,'Urias, Julio','P','L','L',7,NULL,NULL),(630023,'Chirinos, Yonny','P','R','R',72,NULL,NULL),(640447,'Ervin, Phillip','RF','R','R',6,NULL,NULL),(640449,'Frazier, Clint','RF','R','R',77,NULL,NULL),(640457,'Meadows, Austin','RF','L','L',17,NULL,NULL),(640458,'Mercado, Oscar','RF','R','R',35,NULL,NULL),(640461,'Pinder, Chad','LF','R','R',18,NULL,NULL),(641154,'Lopez, Pablo','P','R','L',49,NULL,NULL),(641312,'Anderson, Shaun','P','R','R',64,NULL,NULL),(641313,'Anderson, Tim','SS','R','R',7,NULL,NULL),(641341,'Bashlor, Tyler','P','R','R',49,NULL,NULL),(641343,'Bauers, Jake','LF','L','L',10,NULL,NULL),(641355,'Bellinger, Cody','RF','L','L',35,NULL,NULL),(641432,'Calhoun, Willie','LF','R','L',5,NULL,NULL),(641470,'Collins, Zack','C','R','L',38,NULL,NULL),(641477,'Cordell, Ryan','RF','R','R',49,NULL,NULL),(641482,'Cortes, Nestor','P','L','R',67,NULL,NULL),(641487,'Crawford, J.P.','SS','R','L',3,NULL,NULL),(641513,'Demeritte, Travis','LF','R','R',50,NULL,NULL),(641525,'Dixon, Brandon','1B','R','R',12,NULL,NULL),(641531,'Dozier, Hunter','3B','R','R',17,NULL,NULL),(641553,'Engel, Adam','CF','R','R',15,NULL,NULL),(641598,'Garver, Mitch','C','R','R',18,NULL,NULL),(641627,'Gott, Trevor','P','R','R',58,NULL,NULL),(641658,'Hampson, Garrett','2B','R','R',1,NULL,NULL),(641712,'Hudson, Dakota','P','R','R',43,NULL,NULL),(641729,'Jimenez, Joe','P','R','R',77,NULL,NULL),(641745,'Keller, Brad','P','R','R',56,NULL,NULL),(641755,'Kinley, Tyler','P','R','R',39,NULL,NULL),(641778,'Lauer, Eric','P','L','R',46,NULL,NULL),(641793,'Littell, Zack','P','R','R',52,NULL,NULL),(641796,'Locastro, Tim','LF','R','R',16,NULL,NULL),(641816,'Mahle, Tyler','P','R','R',30,NULL,NULL),(641820,'Mancini, Trey','RF','R','R',16,NULL,NULL),(641835,'Mayza, Tim','P','L','L',58,NULL,NULL),(641838,'McCarthy, Kevin','P','R','R',61,NULL,NULL),(641856,'McKinney, Billy','LF','L','L',28,NULL,NULL),(641857,'McMahon, Ryan','2B','R','L',24,NULL,NULL),(641933,'ONeill, Tyler','LF','R','R',41,NULL,NULL),(641941,'Pagan, Emilio','P','R','L',15,NULL,NULL),(642082,'Sisco, Chance','C','R','L',15,NULL,NULL),(642086,'Smith, Dominic','1B','L','L',22,NULL,NULL),(642098,'Sparkman, Glenn','P','R','R',57,NULL,NULL),(642133,'Tellez, Rowdy','1B','L','L',44,NULL,NULL),(642136,'Thaiss, Matt','1B','R','L',23,NULL,NULL),(642152,'Trivino, Lou','P','R','R',62,NULL,NULL),(642165,'VanMeter, Josh','LF','R','L',17,NULL,NULL),(642180,'Wade, Tyler','SS','R','L',14,NULL,NULL),(642231,'Yacabonis, Jimmy','P','R','R',31,NULL,NULL),(642232,'Yarbrough, Ryan','P','L','R',48,NULL,NULL),(642336,'Mejia, Francisco','C','R','S',27,NULL,NULL),(642397,'Soto, Gregory','P','L','L',65,NULL,NULL),(642547,'Peralta, Freddy','P','R','R',51,NULL,NULL),(642558,'Jurado, Ariel','P','R','R',57,NULL,NULL),(642708,'Rosario, Amed','SS','R','R',1,NULL,NULL),(642715,'Adames, Willy','SS','R','R',1,NULL,NULL),(643217,'Benintendi, Andrew','LF','L','L',16,NULL,NULL),(643230,'Brault, Steven','P','L','L',43,NULL,NULL),(643256,'Cimber, Adam','P','R','R',90,NULL,NULL),(643265,'Cooper, Garrett','RF','R','R',26,NULL,NULL),(643289,'Dubon, Mauricio','SS','R','R',19,NULL,NULL),(643316,'Fry, Paul','P','L','L',51,NULL,NULL),(643327,'Godley, Zack','P','R','R',46,NULL,NULL),(643338,'Green, Chad','P','R','L',57,NULL,NULL),(643376,'Jansen, Danny','C','R','R',9,NULL,NULL),(643393,'Kemp, Tony','CF','R','L',18,NULL,NULL),(643396,'Kiner-Falefa, Isiah','3B','R','R',9,NULL,NULL),(643418,'Long Jr., Shed','2B','R','L',39,NULL,NULL),(643446,'McNeil, Jeff','LF','R','L',6,NULL,NULL),(643565,'Tauchman, Mike','CF','L','L',39,NULL,NULL),(643603,'White, Tyler','1B','R','R',28,NULL,NULL),(643617,'Reininger, Zac','P','R','S',26,NULL,NULL),(643778,'Webb, Tyler','P','L','L',30,NULL,NULL),(645261,'Alcantara, Sandy','P','R','R',22,NULL,NULL),(645277,'Albies, Ozzie','2B','R','S',1,NULL,NULL),(645302,'Robles, Victor','CF','R','R',16,NULL,NULL),(645801,'Ford, Mike','1B','R','L',36,NULL,NULL),(646240,'Devers, Rafael','3B','R','L',11,NULL,NULL),(647304,'Naylor, Josh','RF','L','L',22,NULL,NULL),(647336,'Soroka, Mike','P','R','R',40,NULL,NULL),(649557,'Diaz, Aledmys','2B','R','R',16,NULL,NULL),(649966,'Urias, Luis','2B','R','R',9,NULL,NULL),(650333,'Arraez, Luis','2B','R','L',2,NULL,NULL),(650382,'Hernandez, Darwinzon','P','L','L',63,NULL,NULL),(650391,'Jimenez, Eloy','LF','R','R',74,NULL,NULL),(650402,'Torres, Gleyber','SS','R','R',25,NULL,NULL),(650489,'Castro, Willi','SS','R','S',49,NULL,NULL),(650490,'Diaz, Yandy','3B','R','R',2,NULL,NULL),(650619,'Viloria, Meibrys','C','R','L',72,NULL,NULL),(650671,'Quijada, Jose','P','L','L',74,NULL,NULL),(650859,'Rengifo, Luis','2B','R','S',4,NULL,NULL),(650895,'Castillo, Diego','P','R','R',63,NULL,NULL),(656185,'Allen, Greg','LF','R','S',1,NULL,NULL),(656222,'Beeks, Jalen','P','L','L',68,NULL,NULL),(656257,'Brigham, Jeff','P','R','R',43,NULL,NULL),(656305,'Chapman, Matt','3B','R','R',26,NULL,NULL),(656308,'Chavis, Michael','2B','R','R',23,NULL,NULL),(656322,'Coonrod, Sam','P','R','R',65,NULL,NULL),(656371,'Diaz, Isan','2B','R','L',1,NULL,NULL),(656427,'Flaherty, Jack','P','R','R',22,NULL,NULL),(656464,'Ginkel, Kevin','P','R','L',37,NULL,NULL),(656514,'Haseley, Adam','CF','L','L',40,NULL,NULL),(656547,'Holder, Jonathan','P','R','R',56,NULL,NULL),(656555,'Hoskins, Rhys','1B','R','R',17,NULL,NULL),(656669,'Luplow, Jordan','RF','R','R',8,NULL,NULL),(656685,'Martin, Brett','P','L','L',59,NULL,NULL),(656794,'Newcomb, Sean','P','L','L',15,NULL,NULL),(656811,'OHearn, Ryan','1B','L','L',66,NULL,NULL),(656941,'Schwarber, Kyle','LF','R','L',12,NULL,NULL),(656945,'Scott, Tanner','P','L','R',66,NULL,NULL),(656977,'Sobotka, Chad','P','R','R',61,NULL,NULL),(657024,'Swanson, Erik','P','R','R',50,NULL,NULL),(657031,'Taylor, Josh','P','L','L',72,NULL,NULL),(657053,'Toussaint, Touki','P','R','R',62,NULL,NULL),(657061,'Tucker, Cole','SS','R','S',3,NULL,NULL),(657077,'Verdugo, Alex','CF','L','L',27,NULL,NULL),(657097,'Webb, Jacob','P','R','R',71,NULL,NULL),(657557,'DeJong, Paul','SS','R','R',12,NULL,NULL),(657571,'Ferguson, Caleb','P','L','R',64,NULL,NULL),(657610,'Hildenberger, Trevor','P','R','R',39,NULL,NULL),(657612,'Hill, Tim','P','L','R',54,NULL,NULL),(657624,'James, Josh','P','R','R',39,NULL,NULL),(657656,'Laureano, Ramon','CF','R','R',22,NULL,NULL),(658305,'Garcia, Edgar','P','R','R',66,NULL,NULL),(660162,'Moncada, Yoan','3B','R','S',10,NULL,NULL),(660271,'Ohtani, Shohei','DH','R','L',17,NULL,NULL),(660670,'Acuna Jr., Ronald','LF','R','R',13,NULL,NULL),(661255,'Lopez, Yoan','P','R','R',50,NULL,NULL),(661403,'Clase, Emmanuel','P','R','R',43,NULL,NULL),(662253,'Munoz, Andres','P','R','R',52,NULL,NULL),(663423,'Thornton, Trent','P','R','R',57,NULL,NULL),(663432,'Rainey, Tanner','P','R','R',21,NULL,NULL),(663586,'Riley, Austin','LF','R','R',27,NULL,NULL),(663757,'Grisham, Trent','RF','L','L',2,NULL,NULL),(663855,'Hicks, Jordan','P','R','R',49,NULL,NULL),(663978,'Paddack, Chris','P','R','R',59,NULL,NULL),(663992,'Lovelady, Richard','P','L','L',55,NULL,NULL),(663993,'Lowe, Nate','1B','R','L',35,NULL,NULL),(664023,'Happ, Ian','CF','R','S',8,NULL,NULL),(664034,'France, Ty','3B','R','R',11,NULL,NULL),(664040,'Lowe, Brandon','2B','R','L',8,NULL,NULL),(664056,'Bader, Harrison','CF','R','R',48,NULL,NULL),(664058,'Fletcher, David','3B','R','R',6,NULL,NULL),(664068,'Kingery, Scott','3B','R','R',4,NULL,NULL),(664129,'Hartlieb, Geoff','P','R','R',72,NULL,NULL),(664157,'Bergen, Travis','P','L','L',60,NULL,NULL),(664192,'Lucchesi, Joey','P','L','L',37,NULL,NULL),(664199,'Clarke, Taylor','P','R','R',45,NULL,NULL),(664208,'Maton, Phil','P','R','R',88,NULL,NULL),(664238,'Moore, Dylan','3B','R','R',25,NULL,NULL),(664285,'Valdez, Framber','P','L','L',59,NULL,NULL),(664702,'Straw, Myles','CF','R','R',26,NULL,NULL),(664854,'Helsley, Ryan','P','R','R',56,NULL,NULL),(665487,'Tatis Jr., Fernando','SS','R','R',23,NULL,NULL),(665489,'Guerrero Jr., Vladimir','3B','R','R',27,NULL,NULL),(665742,'Soto, Juan','LF','L','L',22,NULL,NULL),(666182,'Bichette, Bo','SS','R','R',11,NULL,NULL),(666971,'Gurriel Jr., Lourdes','LF','R','R',13,NULL,NULL),(668670,'Rogers, Jake','C','R','R',34,NULL,NULL),(668676,'Plesac, Zach','P','R','R',65,NULL,NULL),(668804,'Reynolds, Bryan','LF','R','S',10,NULL,NULL),(668942,'Rojas, Josh','3B','R','L',9,NULL,NULL),(669203,'Burnes, Corbin','P','R','R',39,NULL,NULL),(669222,'Senzel, Nick','CF','R','R',15,NULL,NULL),(669242,'Edman, Tommy','SS','R','S',19,NULL,NULL),(669256,'Solak, Nick','2B','R','R',15,NULL,NULL),(669257,'Smith, Will','C','R','R',16,NULL,NULL),(669374,'Hiura, Keston','2B','R','R',18,NULL,NULL),(669456,'Bieber, Shane','P','R','R',57,NULL,NULL),(670032,'Lopez, Nicky','2B','R','L',1,NULL,NULL),(670541,'Alvarez, Yordan','OF','R','L',44,NULL,NULL),(670712,'Brosseau, Michael','3B','R','R',43,NULL,NULL),(670950,'Richards, Trevor','P','R','R',34,NULL,NULL),(672773,'Luciano, Elvis','P','R','R',65,NULL,NULL),(673258,'Baez, Michel','P','R','R',49,NULL,NULL),(673633,'Hirano, Yoshihisa','P','R','R',66,NULL,NULL);
/*!40000 ALTER TABLE `mlb_player` ENABLE KEYS */;
UNLOCK TABLES;

--
-- Table structure for table `mlb_team`
--

DROP TABLE IF EXISTS `mlb_team`;
/*!40101 SET @saved_cs_client     = @@character_set_client */;
 SET character_set_client = utf8mb4 ;
CREATE TABLE `mlb_team` (
  `MLB_TEAM_ID` int(11) NOT NULL AUTO_INCREMENT,
  `TEAM_ID` int(11) DEFAULT NULL,
  `MLB_FRANCHISE_ID` int(5) DEFAULT NULL,
  `FULL_NAME` varchar(50) DEFAULT NULL,
  `SHORT_NAME` varchar(10) DEFAULT NULL,
  `LEAGUE` varchar(5) DEFAULT NULL,
  `FIRST_YEAR_PLAYED` int(5) DEFAULT NULL,
  `LAST_YEAR_PLAYED` int(5) DEFAULT NULL,
  PRIMARY KEY (`MLB_TEAM_ID`),
  UNIQUE KEY `MT_CONST1` (`TEAM_ID`,`MLB_FRANCHISE_ID`,`LEAGUE`,`FULL_NAME`)
) ENGINE=InnoDB AUTO_INCREMENT=147 DEFAULT CHARSET=utf8mb4 COLLATE=utf8mb4_0900_ai_ci;
/*!40101 SET character_set_client = @saved_cs_client */;

--
-- Dumping data for table `mlb_team`
--

LOCK TABLES `mlb_team` WRITE;
/*!40000 ALTER TABLE `mlb_team` DISABLE KEYS */;
INSERT INTO `mlb_team` VALUES (74,108,108,'Anaheim Angels','ANA','AL',1997,2004),(75,109,109,'Arizona Diamondbacks','ARI','NL',1998,NULL),(76,144,144,'Atlanta Braves','ATL','NL',1966,NULL),(77,110,110,'Baltimore Orioles','BAL','AL',1954,NULL),(78,298,298,'Baltimore Orioles','BAL','AL',1901,1902),(79,165,165,'Baltimore Terrapins','BAL','FL',1914,1915),(80,111,111,'Boston Americans','BOS','AL',1901,1906),(81,144,144,'Boston Beaneaters','BSN','NL',1900,1906),(82,144,144,'Boston Bees','BSN','NL',1936,1940),(83,144,144,'Boston Braves','BSN','NL',1912,1952),(84,144,144,'Boston Doves','BSN','NL',1907,1910),(85,111,111,'Boston Red Sox','BOS','AL',1907,NULL),(86,144,144,'Boston Rustlers','BSN','NL',1911,1911),(87,119,119,'Brooklyn Dodgers','BRO','NL',1911,1957),(88,185,185,'Brooklyn Feds','BKF','FL',1914,1915),(89,119,119,'Brooklyn Robins','BRO','NL',1914,1931),(90,119,119,'Brooklyn Superbas','BRO','NL',1900,1913),(91,189,189,'Buffalo Feds','BUF','FL',1914,1915),(92,108,108,'California Angels','CAL','AL',1966,1996),(93,112,112,'Chicago Cubs','CHC','NL',1903,NULL),(94,112,112,'Chicago Orphans','CHI','NL',1900,1902),(95,191,191,'Chicago Whales','CWH','FL',1914,1915),(96,145,145,'Chicago White Sox','CWS','AL',1901,NULL),(97,113,113,'Cincinnati Redlegs','CIN','NL',1954,1959),(98,113,113,'Cincinnati Reds','CIN','NL',1900,NULL),(99,114,114,'Cleveland Blues','CLE','AL',1901,1901),(100,114,114,'Cleveland Bronchos','CLE','AL',1902,1902),(101,114,114,'Cleveland Indians','CLE','AL',1915,NULL),(102,114,114,'Cleveland Naps','CLE','AL',1903,1914),(103,115,115,'Colorado Rockies','COL','NL',1993,NULL),(104,116,116,'Detroit Tigers','DET','AL',1901,NULL),(105,146,146,'Florida Marlins','FLA','NL',1993,2011),(106,117,117,'Houston Astros','HOU','NL',1965,2012),(107,117,117,'Houston Astros','HOU','AL',2013,NULL),(108,117,117,'Houston Colt 45s','HOU','NL',1962,1964),(109,153,153,'Indianapolis Hoosier-Feds','IND','FL',1914,1914),(110,133,133,'Kansas City Athletics','KCA','AL',1955,1967),(111,128,128,'Kansas City Packers','KC','FL',1914,1915),(112,118,118,'Kansas City Royals','KC','AL',1969,NULL),(113,108,108,'Los Angeles Angels','LAA','AL',1961,1965),(114,108,108,'Los Angeles Angels of Anaheim','LAA','AL',2005,NULL),(115,119,119,'Los Angeles Dodgers','LA','NL',1958,NULL),(116,146,146,'Miami Marlins','MIA','NL',2012,NULL),(117,144,144,'Milwaukee Braves','MIL','NL',1953,1965),(118,158,158,'Milwaukee Brewers','MIL','AL',1970,1997),(119,158,158,'Milwaukee Brewers','MIL','NL',1998,NULL),(120,110,110,'Milwaukee Brewers','MIL','AL',1901,1901),(121,142,142,'Minnesota Twins','MIN','AL',1961,NULL),(122,120,120,'Montreal Expos','MON','NL',1969,2004),(123,137,137,'New York Giants','NYG','NL',1900,1957),(124,147,147,'New York Highlanders','NYH','AL',1903,1912),(125,121,121,'New York Mets','NYM','NL',1962,NULL),(126,147,147,'New York Yankees','NYY','AL',1913,NULL),(127,153,153,'Newark Peppers','NWK','FL',1915,1915),(128,133,133,'Oakland Athletics','OAK','AL',1968,NULL),(129,133,133,'Philadelphia Athletics','PHA','AL',1901,1954),(130,143,143,'Philadelphia Phillies','PHI','NL',1900,NULL),(131,134,134,'Pittsburgh Pirates','PIT','NL',1900,NULL),(132,176,176,'Pittsburgh Rebels','PRB','FL',1914,1915),(133,135,135,'San Diego Padres','SD','NL',1969,NULL),(134,137,137,'San Francisco Giants','SF','NL',1958,NULL),(135,136,136,'Seattle Mariners','SEA','AL',1977,NULL),(136,158,158,'Seattle Pilots','SEA','AL',1969,1969),(137,110,110,'St. Louis Browns','SLB','AL',1902,1953),(138,138,138,'St. Louis Cardinals','STL','NL',1900,NULL),(139,197,197,'St. Louis Terriers','SLT','FL',1914,1915),(140,139,139,'Tampa Bay Devil Rays','TB','AL',1998,2007),(141,139,139,'Tampa Bay Rays','TB','AL',2008,NULL),(142,140,140,'Texas Rangers','TEX','AL',1972,NULL),(143,141,141,'Toronto Blue Jays','TOR','AL',1977,NULL),(144,120,120,'Washington Nationals','WSH','NL',2005,NULL),(145,140,140,'Washington Senators','WAS','AL',1961,1971),(146,142,142,'Washington Senators','WAS','AL',1901,1960);
/*!40000 ALTER TABLE `mlb_team` ENABLE KEYS */;
UNLOCK TABLES;
/*!40103 SET TIME_ZONE=@OLD_TIME_ZONE */;

/*!40101 SET SQL_MODE=@OLD_SQL_MODE */;
/*!40014 SET FOREIGN_KEY_CHECKS=@OLD_FOREIGN_KEY_CHECKS */;
/*!40014 SET UNIQUE_CHECKS=@OLD_UNIQUE_CHECKS */;
/*!40101 SET CHARACTER_SET_CLIENT=@OLD_CHARACTER_SET_CLIENT */;
/*!40101 SET CHARACTER_SET_RESULTS=@OLD_CHARACTER_SET_RESULTS */;
/*!40101 SET COLLATION_CONNECTION=@OLD_COLLATION_CONNECTION */;
/*!40111 SET SQL_NOTES=@OLD_SQL_NOTES */;

-- Dump completed on 2020-05-24 14:05:16
