-- MySQL dump 10.13  Distrib 8.0.12, for Win64 (x86_64)
--
-- Host: localhost    Database: mlb
-- ------------------------------------------------------
-- Server version	8.0.12

/*!40101 SET @OLD_CHARACTER_SET_CLIENT=@@CHARACTER_SET_CLIENT */;
/*!40101 SET @OLD_CHARACTER_SET_RESULTS=@@CHARACTER_SET_RESULTS */;
/*!40101 SET @OLD_COLLATION_CONNECTION=@@COLLATION_CONNECTION */;
 SET NAMES utf8mb4 ;
/*!40103 SET @OLD_TIME_ZONE=@@TIME_ZONE */;
/*!40103 SET TIME_ZONE='+00:00' */;
/*!40014 SET @OLD_UNIQUE_CHECKS=@@UNIQUE_CHECKS, UNIQUE_CHECKS=0 */;
/*!40014 SET @OLD_FOREIGN_KEY_CHECKS=@@FOREIGN_KEY_CHECKS, FOREIGN_KEY_CHECKS=0 */;
/*!40101 SET @OLD_SQL_MODE=@@SQL_MODE, SQL_MODE='NO_AUTO_VALUE_ON_ZERO' */;
/*!40111 SET @OLD_SQL_NOTES=@@SQL_NOTES, SQL_NOTES=0 */;

--
-- Table structure for table `mlb_batting_stats`
--

DROP TABLE IF EXISTS `mlb_batting_stats`;
/*!40101 SET @saved_cs_client     = @@character_set_client */;
 SET character_set_client = utf8mb4 ;
CREATE TABLE `mlb_batting_stats` (
  `MLB_BATTING_STATS_ID` int(11) NOT NULL AUTO_INCREMENT,
  `MLB_PLAYER_ID` int(11) DEFAULT NULL,
  `MLB_TEAM_ID` int(11) DEFAULT NULL,
  `YEAR` int(11) DEFAULT NULL,
  `AT_BATS` int(11) DEFAULT NULL,
  `HITS` int(11) DEFAULT NULL,
  `DOUBLES` int(11) DEFAULT NULL,
  `TRIPLES` int(11) DEFAULT NULL,
  `HOME_RUNS` int(11) DEFAULT NULL,
  `WALKS` int(11) DEFAULT NULL,
  `STRIKEOUTS` int(11) DEFAULT NULL,
  `HIT_BY_PITCH` int(11) DEFAULT NULL,
  `RUNS` int(11) DEFAULT NULL,
  `RBIS` int(11) DEFAULT NULL,
  `STOLEN_BASES` int(11) DEFAULT NULL,
  `PLATE_APPEARANCES` int(11) DEFAULT NULL,
  `CAUGHT_STEALING` int(11) DEFAULT NULL,
  PRIMARY KEY (`MLB_BATTING_STATS_ID`),
  UNIQUE KEY `BS_CONST1` (`MLB_PLAYER_ID`,`MLB_TEAM_ID`,`YEAR`)
) ENGINE=InnoDB AUTO_INCREMENT=3600 DEFAULT CHARSET=utf8mb4 COLLATE=utf8mb4_0900_ai_ci;
/*!40101 SET character_set_client = @saved_cs_client */;

--
-- Dumping data for table `mlb_batting_stats`
--

LOCK TABLES `mlb_batting_stats` WRITE;
/*!40000 ALTER TABLE `mlb_batting_stats` DISABLE KEYS */;
INSERT INTO `mlb_batting_stats` VALUES (3145,500743,146,2019,483,137,29,1,5,32,62,5,52,46,9,526,5),(3146,553993,113,2019,575,156,22,2,49,70,189,11,87,103,3,662,2),(3147,595978,135,2019,312,55,9,0,11,27,109,5,28,36,1,347,0),(3148,593934,142,2019,380,94,19,2,34,55,159,3,76,79,0,439,1),(3149,451594,138,2019,487,116,24,1,19,74,142,8,69,67,8,574,5),(3150,621573,146,2019,178,40,14,0,6,9,47,0,17,21,0,189,2),(3151,456715,158,2019,562,146,30,0,11,50,106,6,75,48,18,623,8),(3152,543768,158,2019,230,36,5,0,7,36,89,4,22,16,0,270,0),(3153,446481,143,2019,112,25,5,0,4,19,41,3,24,12,1,139,1),(3154,543760,133,2019,657,187,43,7,33,87,102,2,123,92,10,747,8),(3155,457759,119,2019,479,139,24,0,27,51,88,14,80,67,2,549,0),(3156,493596,116,2019,223,48,13,2,6,13,68,4,29,15,3,240,1),(3157,605204,121,2019,410,126,22,1,22,38,97,3,65,57,3,453,0),(3158,475174,145,2019,219,39,6,0,7,29,53,1,23,27,0,251,1),(3159,519203,112,2019,512,150,29,3,27,71,86,27,89,94,5,613,2),(3160,457763,137,2019,405,104,24,0,7,34,71,4,43,38,0,445,0),(3161,663586,144,2019,274,62,11,1,18,16,108,5,41,49,0,297,2),(3162,642082,110,2019,167,35,7,0,8,22,61,9,29,20,0,198,1),(3163,642086,121,2019,177,50,10,0,11,19,44,1,35,25,1,197,2),(3164,571431,120,2019,310,70,14,0,20,20,115,2,42,56,0,333,0),(3165,431145,119,2019,209,46,5,0,6,30,60,8,29,20,1,249,0),(3166,571448,115,2019,588,185,31,2,41,62,93,4,102,118,3,662,2),(3167,519222,147,2019,228,64,12,0,8,10,50,0,29,35,1,240,1),(3168,543807,117,2019,479,140,20,3,39,67,113,6,96,96,6,556,2),(3169,605233,141,2019,93,15,2,0,6,14,43,0,14,12,1,107,0),(3170,435263,144,2019,277,69,9,0,12,31,53,2,28,45,0,316,0),(3171,596019,114,2019,598,170,40,2,32,46,98,3,101,74,22,654,5),(3172,452678,140,2019,323,76,15,0,12,38,85,3,45,51,4,368,0),(3173,452678,120,2019,124,40,10,1,6,19,18,0,24,40,0,146,0),(3174,571466,113,2019,316,73,14,0,11,44,83,2,32,40,1,364,0),(3175,622666,144,2019,232,54,12,1,7,15,43,0,31,32,1,248,0),(3176,444482,109,2019,382,105,29,3,12,35,87,5,48,57,0,423,0),(3177,456781,137,2019,215,71,13,1,4,10,49,1,27,23,0,228,1),(3178,457803,136,2019,165,35,11,0,14,16,53,1,27,28,1,184,0),(3179,457803,143,2019,145,32,6,0,12,3,29,0,16,31,0,149,0),(3180,608324,117,2019,554,164,37,2,41,119,83,9,122,112,5,690,1),(3181,444489,158,2019,158,36,8,0,7,16,50,4,10,25,0,179,0),(3182,642136,108,2019,147,31,7,0,8,17,52,0,17,23,0,164,0),(3183,596059,140,2019,522,107,30,1,30,52,178,5,77,93,11,581,9),(3184,594011,146,2019,105,21,6,0,2,11,27,2,10,11,4,119,1),(3185,606299,113,2019,376,90,18,2,6,17,58,8,37,33,7,403,6),(3186,622682,116,2019,276,84,16,5,3,14,64,0,29,25,9,292,3),(3187,650333,142,2019,326,109,20,1,4,36,29,1,54,28,2,366,2),(3188,608348,109,2019,314,77,19,0,18,48,79,2,46,47,0,365,0),(3189,608336,140,2019,241,61,15,1,22,52,114,2,54,49,4,297,2),(3190,448602,115,2019,135,23,7,0,4,22,57,2,13,20,2,162,0),(3191,642133,141,2019,370,84,19,0,21,29,116,7,49,54,1,409,1),(3192,543829,136,2019,393,108,12,6,3,18,61,1,36,34,22,421,5),(3193,608365,112,2019,215,51,4,1,9,20,58,3,25,23,2,241,0),(3194,467055,137,2019,272,73,23,0,14,18,67,1,42,41,1,296,0),(3195,646240,111,2019,647,201,54,4,32,48,119,4,129,115,8,702,8),(3196,475253,141,2019,414,86,16,0,22,79,106,6,54,61,0,500,0),(3197,664702,117,2019,108,29,4,2,0,19,24,0,27,7,8,128,1),(3198,607345,108,2019,191,48,12,0,5,16,37,3,21,20,2,211,0),(3199,608369,119,2019,489,133,44,1,19,44,98,4,82,87,1,541,0),(3200,570481,134,2019,142,36,4,1,1,9,37,1,15,6,4,156,1),(3201,571506,108,2019,151,26,5,0,8,17,52,1,18,26,0,170,0),(3202,570482,147,2019,442,139,34,0,21,25,87,5,73,74,1,476,1),(3203,642165,113,2019,228,54,13,1,8,29,56,2,33,23,9,260,3),(3204,596105,110,2019,357,86,16,3,13,26,82,4,46,53,5,392,1),(3205,500871,109,2019,636,171,29,10,35,50,130,3,94,118,5,699,1),(3206,647304,135,2019,253,63,15,0,8,25,64,0,29,32,1,279,1),(3207,665742,120,2019,542,153,32,5,34,108,132,3,110,110,12,659,1),(3208,519299,141,2019,287,86,17,2,10,29,47,1,45,30,6,323,0),(3209,519299,139,2019,109,29,6,0,3,9,16,1,14,10,2,119,0),(3210,547982,114,2019,236,47,7,0,9,21,78,4,32,19,4,264,5),(3211,656514,143,2019,222,59,14,0,5,14,60,5,30,26,4,242,0),(3212,608385,113,2019,338,91,17,2,16,38,60,8,51,38,0,384,2),(3213,608384,143,2019,106,16,4,0,2,4,43,2,9,5,0,112,0),(3214,500874,138,2019,334,90,13,2,10,35,82,2,45,42,3,373,0),(3215,543877,111,2019,482,133,26,1,23,33,101,0,66,72,4,521,2),(3216,642180,147,2019,94,23,3,1,2,11,28,1,16,11,7,108,0),(3217,596103,137,2019,168,40,9,3,5,22,59,2,20,21,1,192,0),(3218,668804,134,2019,491,154,37,4,16,46,121,6,83,68,3,546,2),(3219,501896,119,2019,162,51,13,0,11,23,44,1,35,29,0,186,0),(3220,467092,121,2019,473,136,19,0,14,44,69,4,52,73,1,524,0),(3221,645277,144,2019,640,189,43,8,24,54,112,4,102,86,15,702,4),(3222,465041,134,2019,109,21,3,0,1,9,31,4,11,5,1,123,0),(3223,643217,111,2019,541,144,40,5,13,59,140,7,72,68,10,615,3),(3224,596115,115,2019,588,173,38,5,35,58,174,7,111,85,23,656,8),(3225,547989,145,2019,634,180,38,1,33,36,152,13,85,123,2,693,2),(3226,650391,145,2019,468,125,18,2,31,30,134,4,69,79,0,504,0),(3227,657557,138,2019,583,136,31,1,30,62,149,13,97,78,9,664,5),(3228,443558,142,2019,454,141,26,0,41,56,131,7,81,108,0,521,1),(3229,656555,143,2019,570,129,33,5,29,116,173,11,86,85,2,705,2),(3230,596142,147,2019,396,92,12,1,34,40,125,9,62,77,0,446,1),(3231,546991,112,2019,339,80,11,1,12,16,62,1,41,32,2,363,1),(3232,596129,136,2019,462,96,17,0,30,92,149,2,73,76,0,558,0),(3233,650402,147,2019,546,152,26,0,38,48,129,3,96,90,5,604,2),(3234,547004,110,2019,370,86,13,2,12,40,88,0,35,46,0,413,1),(3235,660670,144,2019,626,175,22,2,41,76,188,9,127,101,37,715,9),(3236,519346,158,2019,396,98,23,2,25,51,140,10,67,61,3,459,2),(3237,596144,118,2019,309,76,14,0,9,19,67,2,24,40,1,330,0),(3238,596146,142,2019,524,132,32,0,36,60,99,8,98,90,1,596,5),(3239,459964,144,2019,200,59,10,0,7,38,45,0,32,23,0,238,0),(3240,645302,120,2019,546,139,33,3,17,35,140,25,86,65,28,617,9),(3241,542921,136,2019,304,72,21,1,15,21,102,3,39,47,1,328,3),(3242,663757,158,2019,156,36,6,2,6,20,48,4,24,24,1,183,0),(3243,570560,145,2019,496,125,20,4,2,44,117,5,59,43,5,555,4),(3244,643265,146,2019,381,107,16,1,15,33,110,5,52,50,0,421,0),(3245,543939,138,2019,478,136,25,4,11,47,83,13,61,59,24,549,4),(3246,643289,137,2019,104,29,5,0,4,5,19,0,12,9,3,109,1),(3247,608475,116,2019,273,67,11,4,6,8,59,3,28,26,0,288,0),(3248,488671,109,2019,164,34,8,0,9,36,68,1,22,24,1,201,0),(3249,519390,137,2019,255,67,24,2,10,20,66,1,30,40,3,280,1),(3250,501981,133,2019,481,106,11,0,23,47,146,3,61,73,0,533,0),(3251,542932,146,2019,256,70,14,1,6,24,73,6,52,24,17,287,3),(3252,600303,108,2019,292,86,8,0,16,20,28,3,49,44,0,321,0),(3253,607461,119,2019,249,66,19,1,9,17,33,2,36,46,5,268,0),(3254,605412,137,2019,344,81,17,1,3,36,38,3,33,27,4,388,2),(3255,605412,121,2019,94,26,4,1,2,7,9,1,17,12,0,103,0),(3256,598265,111,2019,494,111,28,3,21,56,155,12,69,62,8,567,6),(3257,650489,116,2019,100,23,6,1,1,6,34,2,10,8,0,110,1),(3258,657656,133,2019,434,125,29,0,24,27,123,11,79,67,13,481,2),(3259,592122,137,2019,130,24,2,1,8,17,57,0,24,20,1,147,0),(3260,650490,139,2019,307,82,20,1,14,35,61,1,53,38,2,347,2),(3261,593160,118,2019,681,206,41,10,16,45,126,5,105,74,20,735,10),(3262,571657,113,2019,183,42,6,0,9,10,59,3,22,27,4,197,1),(3263,668942,109,2019,138,30,7,0,2,18,41,1,17,16,4,157,2),(3264,542979,110,2019,103,21,3,0,4,8,49,0,14,9,4,112,1),(3265,606466,109,2019,569,187,36,9,32,53,86,4,97,92,10,628,2),(3266,520471,141,2019,450,120,24,1,18,21,112,0,55,54,4,473,1),(3267,520471,113,2019,107,25,4,0,5,7,33,1,12,16,0,116,1),(3268,488726,117,2019,575,179,40,2,22,51,66,7,88,90,3,637,2),(3269,462101,140,2019,600,165,27,4,12,34,96,4,81,72,31,648,8),(3270,656669,114,2019,225,62,15,1,15,33,61,2,42,38,3,261,2),(3271,458015,113,2019,525,137,32,1,15,76,123,4,79,47,5,608,0),(3272,623912,146,2019,421,116,20,3,11,18,91,5,54,50,2,446,1),(3273,605480,136,2019,510,116,19,9,6,42,141,11,70,37,46,566,9),(3274,502054,139,2019,567,155,33,2,21,81,123,5,77,68,25,654,4),(3275,448801,110,2019,307,55,9,0,12,39,139,3,26,36,0,352,0),(3276,605486,158,2019,95,22,2,2,2,6,36,0,11,10,3,102,0),(3277,641313,145,2019,498,167,32,0,18,15,109,3,81,56,17,518,5),(3278,642336,135,2019,226,60,11,2,8,13,56,4,27,22,1,244,1),(3279,460075,158,2019,459,131,31,2,22,34,105,8,70,75,11,508,1),(3280,455976,144,2019,414,118,25,2,9,47,59,2,61,62,2,469,0),(3281,460086,118,2019,556,148,31,1,13,51,100,19,77,76,5,633,3),(3282,453943,121,2019,447,112,19,2,21,40,106,12,63,67,1,499,2),(3283,641343,114,2019,372,84,16,1,12,45,115,3,46,43,3,423,3),(3284,643376,141,2019,347,72,12,1,13,31,79,4,41,43,0,384,1),(3285,605490,118,2019,186,40,7,0,4,9,56,1,26,12,2,197,0),(3286,592178,112,2019,543,153,35,1,31,74,145,15,108,77,4,634,0),(3287,592200,113,2019,207,52,9,0,8,25,59,1,24,32,0,236,0),(3288,641355,119,2019,558,170,34,3,47,95,108,3,121,115,15,661,5),(3289,435522,146,2019,337,88,19,1,8,42,77,1,37,38,3,381,0),(3290,488771,142,2019,237,55,9,0,13,33,88,3,39,30,0,275,0),(3291,516416,143,2019,576,161,37,4,12,30,73,8,79,60,10,618,2),(3292,592206,116,2019,403,110,37,3,11,31,96,3,57,37,2,439,1),(3293,592206,112,2019,212,68,21,0,16,10,47,2,43,36,0,225,1),(3294,608577,140,2019,429,115,27,1,19,28,108,6,69,66,4,469,1),(3295,643393,117,2019,163,37,6,2,7,16,29,4,23,17,4,186,3),(3296,592192,133,2019,410,112,16,3,26,67,107,18,80,58,3,497,2),(3297,643396,140,2019,202,48,12,1,1,14,49,4,23,21,3,222,0),(3298,605508,145,2019,144,33,5,0,1,10,38,3,16,12,4,157,0),(3299,571718,108,2019,413,108,29,3,17,38,129,3,65,47,7,458,3),(3300,572761,138,2019,416,94,20,2,15,63,129,7,59,46,6,492,1),(3301,666971,141,2019,314,87,19,2,20,20,86,5,52,50,6,343,4),(3302,643418,136,2019,152,40,12,1,5,16,40,0,21,15,3,168,3),(3303,571740,118,2019,275,58,12,2,0,25,74,0,32,12,18,305,5),(3304,543068,142,2019,458,116,24,0,25,29,107,10,51,78,0,499,0),(3305,595281,139,2019,447,102,20,7,14,26,104,5,60,55,19,480,5),(3306,502110,111,2019,575,175,33,2,36,72,138,4,98,105,2,657,0),(3307,670032,118,2019,379,91,22,2,2,18,51,1,44,30,1,402,1),(3308,608597,140,2019,256,56,20,0,10,32,87,3,34,36,1,295,2),(3309,649557,117,2019,210,57,12,1,9,26,28,5,36,40,2,247,0),(3310,595284,143,2019,136,29,9,0,2,18,51,3,12,8,0,160,0),(3311,608596,136,2019,260,71,12,1,18,19,87,1,32,40,2,281,0),(3312,543063,137,2019,500,114,24,2,11,53,117,3,58,59,3,560,2),(3313,435559,120,2019,280,74,11,0,17,20,36,6,37,63,0,309,1),(3314,570731,142,2019,433,111,23,1,23,20,116,10,61,59,1,464,1),(3315,547180,143,2019,573,149,36,1,35,99,178,6,98,114,15,682,3),(3316,571745,136,2019,246,54,13,1,15,30,81,5,46,32,4,283,0),(3317,545121,109,2019,201,54,9,1,6,9,24,0,25,24,1,211,0),(3318,547172,115,2019,359,94,17,2,1,36,68,8,42,42,0,411,1),(3319,623993,110,2019,380,99,20,1,20,19,86,2,46,59,1,405,2),(3320,650619,118,2019,133,28,7,0,1,10,44,0,7,15,0,148,1),(3321,571771,119,2019,414,98,19,1,17,36,97,6,57,64,4,460,0),(3322,643446,121,2019,510,162,38,1,23,35,75,21,83,75,5,567,6),(3323,571788,111,2019,259,77,14,2,3,28,57,4,38,31,1,295,0),(3324,456078,145,2019,230,48,12,0,12,16,74,3,19,41,0,251,0),(3325,543105,137,2019,155,45,13,3,6,13,35,2,28,26,1,171,1),(3326,592261,140,2019,357,89,15,4,4,38,100,3,42,32,24,408,6),(3327,641432,140,2019,309,83,14,1,21,23,53,3,51,48,0,337,0),(3328,600474,110,2019,305,76,13,0,13,29,73,4,37,44,3,341,1),(3329,466320,134,2019,378,106,22,1,7,17,41,1,43,47,2,397,0),(3330,572816,134,2019,127,40,18,0,4,13,23,0,20,25,1,142,0),(3331,572816,143,2019,133,39,10,2,8,3,33,0,13,34,0,137,0),(3332,592273,141,2019,418,91,21,1,15,25,113,1,43,41,0,447,1),(3333,572821,120,2019,416,99,20,0,20,61,105,4,54,50,3,482,4),(3334,435622,115,2019,443,113,31,4,20,34,119,2,64,65,3,482,3),(3335,500135,116,2019,276,61,12,3,14,13,82,0,29,43,3,294,1),(3336,656811,118,2019,328,64,13,1,14,39,99,1,32,38,0,370,1),(3337,605612,116,2019,354,103,10,4,5,9,86,0,30,38,4,369,2),(3338,595375,146,2019,132,25,6,0,6,5,42,2,15,12,0,139,0),(3339,575929,112,2019,360,98,18,2,24,38,102,9,57,64,1,409,2),(3340,663993,139,2019,152,40,8,0,7,13,50,2,24,19,0,169,0),(3341,608700,114,2019,158,35,10,0,3,12,31,3,13,17,0,174,1),(3342,640447,113,2019,236,64,11,7,7,18,63,4,30,23,4,260,3),(3343,641470,145,2019,86,16,3,1,3,14,39,1,10,12,0,102,0),(3344,475582,120,2019,171,44,9,0,6,17,39,0,20,27,0,190,0),(3345,518586,144,2019,135,35,5,2,5,6,44,1,14,20,0,144,1),(3346,640457,139,2019,530,154,29,7,33,54,131,7,83,89,12,591,7),(3347,621002,139,2019,207,44,9,1,2,24,59,6,23,19,2,237,2),(3348,640458,114,2019,438,118,25,3,15,28,84,5,70,54,15,482,4),(3349,518595,139,2019,327,86,16,0,16,30,80,2,50,67,0,365,1),(3350,621005,136,2019,111,30,7,0,1,15,29,1,11,12,6,128,3),(3351,640461,133,2019,341,82,21,0,13,20,88,5,45,47,0,370,1),(3352,600524,110,2019,541,132,24,0,31,44,143,10,72,90,1,599,1),(3353,502210,117,2019,501,138,19,3,14,36,66,0,57,56,5,550,2),(3354,455104,115,2019,144,32,10,0,6,18,54,1,20,21,0,164,0),(3355,641487,136,2019,345,78,21,4,7,43,83,2,43,46,5,396,3),(3356,621006,110,2019,283,59,8,3,6,14,83,6,29,23,10,309,1),(3357,640449,147,2019,225,60,14,0,12,16,70,2,31,38,1,246,2),(3358,607680,137,2019,595,157,37,3,21,18,86,9,82,87,14,628,5),(3359,455117,118,2019,238,54,15,0,6,17,55,5,26,17,0,263,0),(3360,641477,145,2019,217,48,8,0,7,19,69,3,22,24,3,247,1),(3361,592325,158,2019,311,77,18,0,7,40,104,3,47,33,2,356,2),(3362,474568,116,2019,256,69,16,0,9,13,57,2,24,22,0,271,0),(3363,518614,112,2019,168,29,5,1,2,23,57,0,20,15,2,194,1),(3364,592348,116,2019,423,105,27,5,12,46,138,1,61,45,12,472,3),(3365,621020,144,2019,483,121,26,3,17,51,124,5,77,65,10,545,5),(3366,518618,113,2019,251,47,8,2,19,28,74,25,41,43,1,306,1),(3367,664023,112,2019,140,37,7,1,11,15,39,0,25,30,2,156,0),(3368,641513,116,2019,169,38,7,2,3,14,63,1,24,10,3,186,0),(3369,621035,119,2019,366,96,29,4,12,37,115,4,52,52,8,414,0),(3370,664040,139,2019,296,80,17,2,17,25,113,5,42,51,5,327,0),(3371,643565,147,2019,260,72,18,1,13,34,71,1,46,47,6,296,0),(3372,455139,117,2019,366,87,22,1,17,51,125,13,57,58,1,437,2),(3373,518626,144,2019,549,142,33,0,37,100,155,8,96,94,4,659,2),(3374,664034,135,2019,184,43,8,1,7,9,49,7,20,24,0,201,2),(3375,596451,143,2019,108,23,3,1,4,12,34,1,18,11,8,122,0),(3376,571875,109,2019,187,36,8,2,6,32,55,5,26,30,1,226,0),(3377,621028,134,2019,493,152,20,6,12,28,62,7,61,64,16,531,8),(3378,664058,108,2019,596,173,30,4,6,55,64,0,83,49,8,653,3),(3379,664056,138,2019,347,71,14,3,12,46,117,10,54,39,11,406,3),(3380,641531,118,2019,523,146,29,10,26,55,148,3,75,84,2,586,2),(3381,543228,120,2019,314,70,16,0,12,38,84,5,36,43,2,358,0),(3382,452095,144,2019,271,62,11,3,11,31,105,6,36,34,0,310,0),(3383,621043,117,2019,280,78,16,1,21,35,75,2,42,59,1,321,0),(3384,641525,116,2019,391,97,20,4,15,21,136,4,41,52,5,420,1),(3385,607732,134,2019,191,50,5,0,6,16,40,2,26,13,0,210,0),(3386,571912,141,2019,119,18,2,1,2,8,33,0,9,9,1,129,0),(3387,607752,111,2019,144,31,4,1,6,11,36,1,17,16,2,157,0),(3388,546318,143,2019,126,28,10,1,1,11,33,1,12,16,2,139,2),(3389,502273,114,2019,177,49,8,0,4,22,61,4,27,24,1,213,2),(3390,592387,136,2019,169,40,16,0,7,13,40,1,24,26,0,187,0),(3391,664068,143,2019,458,118,34,4,19,34,147,5,64,55,15,500,4),(3392,543257,133,2019,420,101,21,3,6,59,86,1,57,38,9,482,4),(3393,622110,139,2019,147,37,8,0,1,19,29,2,12,12,0,169,1),(3394,641553,145,2019,227,55,10,2,6,14,78,6,26,26,3,248,3),(3395,643603,117,2019,218,49,14,0,3,32,74,0,16,21,0,253,0),(3396,593428,111,2019,614,190,52,0,33,76,122,2,110,117,4,698,2),(3397,592407,146,2019,115,32,6,0,4,11,21,1,12,12,0,129,1),(3398,445988,146,2019,245,57,9,0,2,12,41,0,26,15,0,260,0),(3399,518692,144,2019,597,176,34,2,38,87,127,6,113,121,6,692,3),(3400,542255,144,2019,199,49,11,2,5,26,41,4,30,24,7,230,1),(3401,656941,112,2019,529,132,29,3,38,70,156,5,82,92,2,610,3),(3402,669222,113,2019,375,96,20,4,12,30,101,3,55,42,14,414,5),(3403,669242,138,2019,326,99,17,7,11,16,61,7,59,36,15,349,1),(3404,501303,142,2019,202,55,8,3,5,20,40,6,34,22,0,236,2),(3405,592444,116,2019,298,70,19,3,11,27,94,6,39,26,7,333,2),(3406,545341,141,2019,586,136,29,5,31,35,163,5,75,80,2,628,1),(3407,641598,142,2019,311,85,16,1,31,41,87,5,70,67,0,359,0),(3408,543281,116,2019,137,24,7,1,1,6,27,2,10,8,4,147,2),(3409,547379,114,2019,389,93,9,1,24,45,127,4,46,63,0,449,0),(3410,571976,135,2019,435,104,22,1,18,51,168,2,58,53,16,490,7),(3411,543305,147,2019,221,52,10,0,12,31,72,0,41,36,1,255,2),(3412,669256,140,2019,116,34,6,1,5,15,29,4,19,17,2,135,0),(3413,669257,119,2019,170,43,9,0,15,18,52,5,30,42,2,196,0),(3414,543308,116,2019,319,67,15,0,13,13,109,0,29,35,1,333,1),(3415,571980,114,2019,274,79,19,0,10,14,66,2,34,34,4,294,2),(3416,518735,158,2019,513,126,26,2,28,109,139,5,79,77,5,632,1),(3417,571970,119,2019,487,122,22,1,35,90,149,8,101,98,4,589,1),(3418,592450,147,2019,378,103,18,1,27,64,141,3,75,55,3,447,2),(3419,666182,141,2019,196,61,18,0,11,14,50,1,32,21,4,212,4),(3420,545350,117,2019,292,68,16,3,10,17,95,6,46,34,10,318,3),(3421,622168,138,2019,172,46,7,1,2,7,37,1,20,13,8,181,3),(3422,542303,138,2019,485,117,23,1,29,62,114,1,80,89,12,549,2),(3423,545361,108,2019,470,137,27,2,45,110,120,16,110,104,11,600,2),(3424,434778,133,2019,108,22,1,1,1,14,20,3,9,7,0,126,0),(3425,572008,118,2019,135,18,4,1,2,8,55,2,9,9,4,145,1),(3426,650859,108,2019,357,85,18,3,7,40,93,5,44,33,2,406,5),(3427,429664,121,2019,390,100,28,0,13,25,69,5,46,39,0,423,0),(3428,429665,136,2019,241,58,7,0,21,41,55,4,48,49,0,289,1),(3429,429665,147,2019,177,44,11,0,13,17,48,3,33,37,0,197,0),(3430,543333,135,2019,619,164,29,2,22,40,163,3,72,99,0,667,3),(3431,641658,115,2019,299,74,9,4,8,24,88,0,40,27,15,327,3),(3432,445055,145,2019,165,44,8,0,0,8,30,3,12,9,0,182,0),(3433,544369,147,2019,324,77,14,2,16,17,53,1,47,61,2,344,1),(3434,593523,111,2019,148,37,7,0,2,3,42,3,18,11,1,155,2),(3435,628338,139,2019,204,46,13,0,5,18,60,6,31,20,2,231,2),(3436,572041,119,2019,308,82,15,1,15,23,74,7,49,47,5,342,1),(3437,572033,133,2019,314,75,18,0,12,15,63,6,44,62,0,342,1),(3438,542340,110,2019,642,176,33,5,24,61,176,4,111,73,40,714,9),(3439,628356,134,2019,172,29,7,1,10,11,60,1,15,24,0,185,0),(3440,592518,135,2019,587,150,21,2,32,65,128,6,81,85,5,661,3),(3441,572039,133,2019,357,89,17,1,13,29,84,3,46,44,2,393,0),(3442,518792,112,2019,513,129,20,4,21,68,110,5,78,62,8,589,3),(3443,642715,139,2019,531,135,25,1,20,46,153,3,69,52,4,584,2),(3444,452254,140,2019,286,85,17,1,18,26,69,2,53,59,6,316,1),(3445,642708,121,2019,616,177,30,7,15,31,124,3,75,72,19,655,10),(3446,645801,147,2019,143,37,7,0,12,17,28,3,30,25,0,163,0),(3447,572073,110,2019,118,24,7,2,2,14,33,3,10,6,3,135,2),(3448,543401,114,2019,458,112,23,1,17,40,88,2,52,65,7,511,2),(3449,664238,136,2019,247,51,14,2,9,25,93,9,31,28,11,282,9),(3450,516770,146,2019,636,172,31,4,22,28,111,3,68,86,2,676,2),(3451,516782,134,2019,539,159,31,6,23,25,94,16,97,82,25,586,6),(3452,408234,116,2019,493,139,21,0,12,48,108,3,41,59,0,549,0),(3453,657061,134,2019,147,31,10,3,2,10,40,1,16,13,0,159,0),(3454,669374,158,2019,314,95,23,2,19,25,107,8,51,49,9,348,3),(3455,527038,109,2019,265,84,18,0,9,15,31,4,31,37,0,285,0),(3456,592567,134,2019,466,129,30,1,13,30,117,3,46,80,0,503,1),(3457,657077,119,2019,343,101,22,2,12,26,49,2,43,44,4,377,1),(3458,660162,145,2019,511,161,34,5,25,40,154,4,83,79,10,559,3),(3459,572122,136,2019,393,94,19,1,23,44,86,4,55,63,2,443,2),(3460,502481,109,2019,400,92,11,2,7,47,86,2,65,27,30,452,4),(3461,474832,137,2019,526,123,32,3,17,83,127,3,76,57,4,616,3),(3462,593643,110,2019,524,160,21,2,12,16,50,4,62,51,4,550,4),(3463,649966,135,2019,215,48,8,1,4,25,56,9,27,24,0,249,1),(3464,502517,115,2019,438,122,35,1,13,32,74,2,56,78,1,478,1),(3465,621311,115,2019,374,113,28,5,15,28,110,4,67,61,4,413,4),(3466,592626,119,2019,450,112,16,3,36,50,111,12,83,74,1,514,1),(3467,542454,140,2019,474,134,23,6,28,25,151,6,81,81,21,511,6),(3468,503556,142,2019,425,112,19,0,15,31,98,6,52,55,1,463,0),(3469,596748,143,2019,389,91,17,0,17,36,61,0,48,56,0,428,0),(3470,606988,116,2019,208,42,5,1,5,13,70,1,18,19,0,224,0),(3471,450314,112,2019,150,39,5,0,1,23,24,1,24,17,0,176,0),(3472,641796,109,2019,212,53,12,2,1,14,44,22,38,17,17,250,0),(3473,594694,120,2019,131,33,2,0,2,12,29,0,15,8,0,144,1),(3474,518934,147,2019,602,197,33,2,26,46,90,2,109,102,5,655,2),(3475,600858,118,2019,122,24,4,0,0,8,28,2,11,4,1,135,1),(3476,592669,135,2019,440,95,19,1,33,46,154,2,64,64,5,494,0),(3477,624413,121,2019,597,155,30,2,53,72,183,21,103,120,1,693,0),(3478,641820,110,2019,602,175,38,2,35,63,143,9,106,97,1,679,0),(3479,493329,117,2019,564,168,40,2,31,37,65,5,85,104,5,612,3),(3480,624415,141,2019,354,83,17,2,16,71,123,2,66,48,14,430,0),(3481,592663,143,2019,538,148,36,3,25,41,123,5,92,83,9,593,1),(3482,543510,145,2019,439,120,26,1,18,30,137,6,62,60,4,476,1),(3483,624424,121,2019,549,141,29,1,33,84,149,10,90,92,7,648,2),(3484,602922,145,2019,142,28,3,0,3,11,38,2,10,9,0,156,0),(3485,660271,108,2019,384,110,20,5,18,33,110,2,51,62,12,425,3),(3486,624428,134,2019,554,154,33,7,10,40,75,9,80,50,5,608,5),(3487,624431,140,2019,120,31,9,0,2,3,27,0,18,13,0,126,0),(3488,614177,135,2019,321,82,9,0,27,29,93,0,43,46,0,354,0),(3489,614177,114,2019,173,41,10,0,10,18,63,0,26,35,0,194,0),(3490,425772,140,2019,228,36,9,0,2,15,87,0,17,12,1,244,0),(3491,600869,116,2019,335,68,17,2,8,43,99,7,33,32,3,386,1),(3492,595751,146,2019,431,113,14,1,18,22,154,10,44,57,4,465,4),(3493,456488,111,2019,167,38,7,0,2,4,27,0,13,20,5,174,1),(3494,425783,140,2019,563,149,31,2,24,78,165,18,93,61,15,660,1),(3495,446263,118,2019,105,18,4,0,4,11,32,1,7,15,0,119,0),(3496,592696,142,2019,562,155,28,1,32,22,86,0,91,109,3,590,1),(3497,656185,114,2019,231,53,9,3,4,11,53,9,30,27,8,256,2),(3498,518960,108,2019,240,58,8,1,7,21,39,4,28,30,0,268,0),(3499,471865,114,2019,105,22,1,0,2,10,33,1,13,7,0,117,1),(3500,543543,143,2019,118,31,3,1,12,11,35,1,22,21,1,130,0),(3501,572233,109,2019,529,137,26,1,29,67,155,6,86,73,8,603,1),(3502,501571,121,2019,258,55,12,1,5,22,75,2,38,27,4,285,1),(3503,573262,137,2019,371,101,22,3,21,32,107,4,64,55,2,411,4),(3504,607054,110,2019,100,22,3,1,2,6,24,1,14,11,4,108,1),(3505,670541,117,2019,313,98,26,0,27,52,94,2,58,78,0,369,0),(3506,641857,115,2019,480,120,22,1,24,56,160,1,70,83,5,539,1),(3507,595777,133,2019,459,100,24,2,20,48,75,8,65,67,9,518,1),(3508,506702,111,2019,172,33,3,0,5,13,47,1,14,19,0,191,0),(3509,641856,141,2019,251,54,14,1,12,19,73,2,37,28,0,276,2),(3510,607043,121,2019,199,44,11,1,8,46,71,5,34,29,3,254,0),(3511,572228,147,2019,429,113,21,1,21,71,142,9,72,62,0,510,0),(3512,514888,117,2019,500,149,27,3,31,41,82,3,89,74,6,548,5),(3513,608070,114,2019,482,123,33,3,23,52,74,2,68,83,24,542,4),(3514,594777,108,2019,552,128,29,1,33,70,162,7,92,74,4,632,1),(3515,467793,114,2019,573,161,30,1,34,108,108,3,110,93,4,686,0),(3516,543592,136,2019,238,64,12,1,10,23,63,4,37,31,1,267,0),(3517,446308,138,2019,168,36,4,0,11,12,47,1,15,27,1,183,1),(3518,514917,143,2019,612,171,31,3,14,45,100,6,77,71,9,667,2),(3519,596847,139,2019,410,107,20,2,19,64,108,6,54,63,2,487,3),(3520,430945,109,2019,485,126,25,1,16,31,101,8,66,67,2,528,1),(3521,592743,108,2019,398,105,19,0,7,24,37,2,47,40,10,424,2),(3522,594809,120,2019,566,158,25,7,15,65,106,13,103,49,15,656,3),(3523,435062,120,2019,334,115,23,1,17,27,49,4,61,62,2,370,1),(3524,467827,120,2019,188,47,11,1,8,11,41,3,30,42,6,204,2),(3525,578428,113,2019,504,145,21,3,11,20,70,3,62,59,6,530,6),(3526,591741,134,2019,261,69,20,0,10,18,48,1,41,36,0,285,0),(3527,621439,142,2019,271,71,30,4,10,19,68,2,48,46,14,295,3),(3528,572287,139,2019,266,44,10,1,9,20,98,3,30,32,0,289,0),(3529,446334,137,2019,453,115,19,2,20,43,112,7,59,69,3,508,1),(3530,594807,144,2019,120,32,4,1,10,7,39,2,17,19,0,130,0),(3531,542583,158,2019,222,50,9,0,8,31,59,2,26,34,0,262,0),(3532,542583,139,2019,92,24,3,0,4,12,22,0,13,16,0,107,0),(3533,594824,135,2019,311,77,13,4,4,53,83,5,52,31,0,372,2),(3534,435079,135,2019,258,56,12,0,9,19,54,3,28,22,2,281,4),(3535,641933,138,2019,141,37,6,0,5,10,53,0,18,16,1,151,0),(3536,621453,137,2019,261,61,12,2,4,16,78,1,26,28,1,281,4),(3537,665487,135,2019,334,106,13,6,22,30,110,5,61,53,16,372,6),(3538,553869,134,2019,303,73,14,0,2,23,56,2,31,28,0,332,0),(3539,502671,138,2019,597,155,25,1,34,78,166,2,97,97,3,682,1),(3540,624512,141,2019,97,29,7,0,5,7,18,0,14,11,0,105,0),(3541,621446,146,2019,226,39,9,1,0,13,74,6,15,15,1,248,1),(3542,519048,111,2019,298,75,17,1,19,34,74,1,48,58,1,335,0),(3543,446359,108,2019,97,12,2,0,0,5,16,2,4,7,0,107,0),(3544,553882,136,2019,428,119,12,0,22,47,92,4,63,55,0,482,0),(3545,425877,138,2019,419,113,24,0,10,23,58,5,45,57,6,452,0),(3546,621466,110,2019,126,30,6,0,4,14,26,1,15,15,1,142,2),(3547,570267,136,2019,451,114,20,1,21,50,164,2,63,69,8,507,3),(3548,405395,108,2019,491,120,22,0,23,43,68,3,55,93,3,545,0),(3549,519058,158,2019,523,133,30,1,35,53,98,6,80,87,3,584,0),(3550,570256,134,2019,153,37,8,1,6,12,49,1,23,17,3,167,1),(3551,665489,141,2019,464,126,26,2,15,46,91,2,52,69,0,514,1),(3552,553902,142,2019,190,51,9,0,4,5,8,5,28,21,0,204,0),(3553,623520,112,2019,303,78,17,0,11,44,93,7,47,41,5,356,1),(3554,606115,158,2019,494,110,16,1,15,43,109,1,51,59,8,546,5),(3555,595879,112,2019,531,149,38,4,29,28,156,0,89,85,11,561,7),(3556,605113,109,2019,556,141,33,6,19,52,113,4,79,82,8,625,2),(3557,605119,146,2019,459,120,33,1,20,44,114,14,57,66,5,520,1),(3558,656305,133,2019,583,145,36,3,36,73,147,11,102,91,1,670,1),(3559,606132,115,2019,426,117,23,5,9,21,100,0,54,44,9,447,3),(3560,656308,111,2019,347,88,10,1,18,31,127,4,46,58,2,382,1),(3561,624585,118,2019,589,156,33,1,48,73,178,10,95,117,3,679,1),(3562,621512,121,2019,136,26,5,0,4,7,37,0,9,14,0,144,0),(3563,605131,119,2019,212,43,12,1,5,23,56,5,28,25,3,242,0),(3564,621514,116,2019,369,86,25,1,10,34,103,7,32,40,0,416,1),(3565,606157,113,2019,205,53,8,0,19,16,60,2,31,47,7,225,0),(3566,572365,145,2019,144,36,6,1,2,17,44,1,13,10,0,163,1),(3567,541645,139,2019,489,138,25,2,20,31,125,7,61,72,10,530,4),(3568,453568,115,2019,580,182,42,7,32,40,104,9,112,86,2,634,5),(3569,593871,142,2019,631,186,40,7,22,60,116,4,107,79,4,704,3),(3570,588751,121,2019,142,29,7,0,5,8,33,1,20,18,3,151,1),(3571,624577,113,2019,373,94,15,1,22,23,89,5,51,61,14,404,5),(3572,624577,114,2019,182,54,15,1,2,21,44,3,25,23,5,207,2),(3573,595909,142,2019,198,51,11,2,8,21,71,8,28,25,0,228,0),(3574,543685,120,2019,545,174,44,3,34,80,86,12,117,126,5,646,1),(3575,622534,135,2019,398,93,19,3,12,38,88,2,59,37,20,441,4),(3576,592859,110,2019,329,74,18,2,10,22,108,7,41,35,3,361,3),(3577,602074,115,2019,97,20,1,1,0,7,21,0,7,3,1,105,0),(3578,605137,134,2019,527,146,37,3,37,74,118,5,94,116,0,613,1),(3579,541650,158,2019,232,53,11,0,8,11,66,0,29,18,5,246,1),(3580,605141,111,2019,597,176,40,5,29,97,101,3,135,80,16,706,3),(3581,544725,145,2019,577,161,27,3,8,21,139,6,93,40,15,618,5),(3582,622569,134,2019,143,29,7,2,2,13,36,1,18,19,1,157,1),(3583,607208,120,2019,521,155,37,5,19,43,113,3,96,57,35,569,5),(3584,434158,146,2019,317,58,17,1,12,41,98,3,44,34,0,363,3),(3585,457708,108,2019,219,47,8,0,12,32,78,0,34,40,1,256,1),(3586,458731,147,2019,491,123,26,7,28,52,108,4,86,74,10,550,2),(3587,457705,143,2019,219,56,12,1,10,43,55,0,45,29,2,262,1),(3588,523253,140,2019,317,72,17,1,7,44,100,3,38,39,2,367,0),(3589,609275,118,2019,415,109,20,10,9,19,132,0,58,62,43,443,7),(3590,670712,139,2019,132,36,7,0,6,7,39,2,17,16,1,142,0),(3591,621563,139,2019,238,55,13,2,3,14,47,8,32,19,8,263,3),(3592,668670,116,2019,112,14,3,0,4,13,51,1,11,8,0,128,0),(3593,621566,133,2019,483,129,26,0,36,51,138,12,73,91,0,547,0),(3594,656371,146,2019,179,31,5,2,5,19,59,2,17,23,0,201,3),(3595,457727,147,2019,239,68,17,0,11,30,72,0,48,32,9,269,6),(3596,606192,141,2019,417,96,19,2,26,45,153,1,58,65,6,464,3),(3597,605170,112,2019,244,65,11,0,11,29,59,3,31,34,1,279,0),(3598,592885,158,2019,489,161,29,3,44,80,118,8,100,97,30,580,2),(3599,595956,118,2019,126,30,7,0,3,11,28,3,14,12,0,142,1);
/*!40000 ALTER TABLE `mlb_batting_stats` ENABLE KEYS */;
UNLOCK TABLES;

--
-- Table structure for table `mlb_franchise`
--

DROP TABLE IF EXISTS `mlb_franchise`;
/*!40101 SET @saved_cs_client     = @@character_set_client */;
 SET character_set_client = utf8mb4 ;
CREATE TABLE `mlb_franchise` (
  `MLB_FRANCHISE_ID` int(11) NOT NULL,
  `FULL_NAME` varchar(50) DEFAULT NULL,
  `SHORT_NAME` varchar(10) DEFAULT NULL,
  `FIRST_YEAR_PLAYED` int(5) DEFAULT NULL,
  PRIMARY KEY (`MLB_FRANCHISE_ID`)
) ENGINE=InnoDB DEFAULT CHARSET=utf8mb4 COLLATE=utf8mb4_0900_ai_ci;
/*!40101 SET character_set_client = @saved_cs_client */;

--
-- Dumping data for table `mlb_franchise`
--

LOCK TABLES `mlb_franchise` WRITE;
/*!40000 ALTER TABLE `mlb_franchise` DISABLE KEYS */;
INSERT INTO `mlb_franchise` VALUES (108,'Los Angeles Angels','LAA',1961),(109,'Arizona Diamondbacks','ARI',1998),(110,'Baltimore Orioles','BAL',1901),(111,'Boston Red Sox','BOS',1901),(112,'Chicago Cubs','CHC',1874),(113,'Cincinnati Reds','CIN',1882),(114,'Cleveland Indians','CLE',1901),(115,'Colorado Rockies','COL',1992),(116,'Detroit Tigers','DET',1901),(117,'Houston Astros','HOU',1962),(118,'Kansas City Royals','KC',1969),(119,'Los Angeles Dodgers','LAD',1884),(120,'Washington Nationals','WSH',1969),(121,'New York Mets','NYM',1962),(128,'Kansas City Packers','KCP',1914),(133,'Oakland Athletics','OAK',1901),(134,'Pittsburgh Pirates','PIT',1882),(135,'San Diego Padres','SD',1969),(136,'Seattle Mariners','SEA',1977),(137,'San Francisco Giants','SF',1883),(138,'St. Louis Cardinals','STL',1892),(139,'Tampa Bay Rays','TB',1998),(140,'Texas Rangers','TEX',1961),(141,'Toronto Blue Jays','TOR',1977),(142,'Minnesota Twins','MIN',1901),(143,'Philadelphia Phillies','PHI',1883),(144,'Atlanta Braves','ATL',1871),(145,'Chicago White Sox','CWS',1901),(146,'Miami Marlins','MIA',1992),(147,'New York Yankees','NYY',1903),(153,'Newark Peppers','NWK',1914),(158,'Milwaukee Brewers','MIL',1969),(165,'Baltimore Terrapins','BTT',1914),(176,'Pittsburgh Rebels','PRB',1914),(185,'Brooklyn Feds','BKF',1914),(189,'Buffalo Feds','BUF',1914),(191,'Chicago Whales','CWH',1914),(197,'St. Louis Terriers','SLT',1914),(298,'Baltimore Orioles','BLO',1901);
/*!40000 ALTER TABLE `mlb_franchise` ENABLE KEYS */;
UNLOCK TABLES;

--
-- Table structure for table `mlb_pitching_stats`
--

DROP TABLE IF EXISTS `mlb_pitching_stats`;
/*!40101 SET @saved_cs_client     = @@character_set_client */;
 SET character_set_client = utf8mb4 ;
CREATE TABLE `mlb_pitching_stats` (
  `MLB_PITCHING_STATS_ID` int(11) NOT NULL AUTO_INCREMENT,
  `MLB_PLAYER_ID` int(11) DEFAULT NULL,
  `MLB_TEAM_ID` int(11) DEFAULT NULL,
  `YEAR` int(11) DEFAULT NULL,
  `INNINGS_PITCHED` decimal(10,1) DEFAULT NULL,
  `WALKS` int(11) DEFAULT NULL,
  `STRIKEOUTS` int(11) DEFAULT NULL,
  `RUNS_ALLOWED` int(11) DEFAULT NULL,
  `EARNED_RUNS_ALLOWED` int(11) DEFAULT NULL,
  `HOME_RUNS_ALLOWED` int(11) DEFAULT NULL,
  `STOLEN_BASES_ALLOWED` int(11) DEFAULT NULL,
  `HIT_BATTERS` int(11) DEFAULT NULL,
  `HITS_ALLOWED` int(11) DEFAULT NULL,
  `HOLDS` int(11) DEFAULT NULL,
  `SAVES` int(11) DEFAULT NULL,
  `GAMES_STARTED` int(11) DEFAULT NULL,
  `BALKS` int(11) DEFAULT NULL,
  `WILD_PITCHES` int(11) DEFAULT NULL,
  `SAC_FLIES` int(11) DEFAULT NULL,
  `BATTERS_FACED` int(11) DEFAULT NULL,
  PRIMARY KEY (`MLB_PITCHING_STATS_ID`),
  UNIQUE KEY `PS_CONST1` (`MLB_PLAYER_ID`,`MLB_TEAM_ID`,`YEAR`)
) ENGINE=InnoDB AUTO_INCREMENT=1311 DEFAULT CHARSET=utf8mb4 COLLATE=utf8mb4_0900_ai_ci;
/*!40101 SET character_set_client = @saved_cs_client */;

--
-- Dumping data for table `mlb_pitching_stats`
--

LOCK TABLES `mlb_pitching_stats` WRITE;
/*!40000 ALTER TABLE `mlb_pitching_stats` DISABLE KEYS */;
INSERT INTO `mlb_pitching_stats` VALUES (880,622608,115,2019,124.2,57,76,99,93,19,5,4,161,0,0,25,3,1,3,582),(881,501789,117,2019,60.0,14,62,14,10,6,0,0,42,26,4,0,0,3,0,229),(882,493603,147,2019,66.1,40,88,17,14,5,15,2,47,28,2,0,1,3,3,283),(883,596001,118,2019,175.1,58,164,108,102,31,13,11,192,0,0,31,0,4,5,771),(884,593958,111,2019,203.1,75,213,88,86,24,4,7,195,0,0,34,0,3,5,859),(885,444468,117,2019,60.2,20,48,25,25,10,5,4,56,19,0,1,0,0,1,257),(886,452657,112,2019,171.2,52,165,101,85,26,10,5,205,0,0,31,0,3,4,764),(887,593974,113,2019,34.0,15,27,23,23,10,1,2,36,2,0,0,0,0,3,151),(888,608331,144,2019,165.2,47,173,80,74,21,4,5,174,0,0,30,1,11,2,702),(889,467008,112,2019,41.2,20,49,24,23,6,0,5,33,6,10,0,0,4,1,178),(890,606273,136,2019,47.0,17,45,28,19,8,3,1,41,1,14,0,1,1,1,203),(891,596057,116,2019,144.1,38,125,75,72,25,11,4,154,0,0,29,0,5,3,610),(892,608337,145,2019,176.2,57,228,69,67,24,3,4,131,0,0,29,0,6,3,705),(893,612434,110,2019,73.1,41,71,42,38,10,18,0,63,9,2,0,2,11,6,319),(894,594027,146,2019,46.0,36,43,34,32,7,2,6,42,6,0,0,0,9,3,216),(895,448609,120,2019,21.0,9,18,12,11,1,0,1,19,9,0,0,0,1,3,92),(896,622694,146,2019,82.1,26,85,49,46,20,1,9,76,0,0,15,1,2,1,353),(897,608379,138,2019,126.2,55,104,71,67,26,5,3,143,0,0,24,0,2,5,562),(898,608371,113,2019,43.0,19,57,22,22,8,3,2,31,3,0,4,0,1,1,177),(899,571510,116,2019,185.1,50,238,101,94,39,4,8,178,0,0,32,4,6,4,788),(900,645261,146,2019,197.1,81,151,94,85,23,12,8,179,0,0,32,1,4,1,838),(901,641154,146,2019,111.1,27,95,64,63,15,1,11,111,0,0,21,2,6,2,469),(902,596101,141,2019,39.2,25,39,19,17,6,2,1,41,3,1,0,0,1,0,182),(903,643230,134,2019,113.1,53,100,69,65,15,11,7,117,0,0,19,1,7,0,505),(904,596112,113,2019,64.2,24,81,30,27,9,6,0,43,11,0,0,0,3,1,262),(905,467100,145,2019,187.0,47,114,107,98,30,10,9,225,0,0,34,0,7,4,806),(906,542888,110,2019,54.1,26,60,32,31,7,7,3,58,9,4,0,1,4,3,248),(907,647336,144,2019,174.2,41,142,56,52,14,6,7,153,0,0,29,0,3,2,701),(908,501925,117,2019,25.0,5,22,6,5,2,2,0,19,4,0,0,0,0,0,96),(909,657571,119,2019,44.2,27,54,26,24,7,2,6,39,5,0,2,1,1,3,204),(910,542882,109,2019,70.2,27,79,37,37,8,7,3,72,4,1,0,2,9,3,310),(911,544931,120,2019,209.0,56,251,79,77,24,16,10,161,0,0,33,0,8,4,841),(912,643256,114,2019,56.2,19,41,29,28,6,0,4,56,19,1,0,0,0,2,244),(913,571578,120,2019,202.0,70,238,81,73,24,11,3,169,0,0,33,0,4,8,835),(914,622772,145,2019,36.0,11,31,11,11,3,4,3,24,4,0,0,0,1,0,141),(915,657610,142,2019,16.1,7,15,19,19,2,4,3,30,6,1,0,0,1,2,88),(916,657612,118,2019,39.2,13,39,17,16,4,2,4,31,9,1,0,0,0,0,161),(917,542914,136,2019,48.0,17,43,20,19,5,0,1,30,6,5,0,0,6,1,189),(918,622786,115,2019,36.0,22,28,23,19,12,3,1,36,2,1,0,0,1,1,161),(919,434378,117,2019,223.0,42,300,66,64,36,9,6,137,0,0,34,0,4,2,847),(920,606424,146,2019,50.2,16,39,17,17,4,1,2,40,6,0,0,0,4,2,206),(921,657624,117,2019,61.1,35,100,34,32,10,8,4,46,6,1,1,0,6,0,266),(922,424144,114,2019,40.2,12,48,20,18,5,3,3,38,22,1,0,0,1,1,173),(923,592094,141,2019,21.2,10,18,8,7,1,1,3,15,4,0,0,2,1,3,91),(924,542953,141,2019,20.0,10,26,10,9,3,1,1,20,4,0,1,0,2,0,91),(925,501985,140,2019,208.1,68,200,86,83,30,13,7,190,0,0,32,0,2,6,863),(926,542947,110,2019,55.1,8,30,34,33,6,6,4,65,5,4,1,0,1,2,235),(927,573668,145,2019,27.2,12,27,13,12,4,0,2,31,0,0,0,0,3,0,126),(928,592102,108,2019,23.0,20,29,16,16,9,3,0,24,0,4,0,0,3,1,116),(929,598264,111,2019,64.1,38,110,29,27,8,5,2,51,26,4,0,1,13,1,285),(930,598271,111,2019,40.1,23,31,29,27,6,3,0,53,0,0,7,0,5,0,193),(931,643327,109,2019,76.0,35,58,55,54,12,0,4,81,0,2,9,1,3,2,338),(932,542960,112,2019,39.2,28,45,27,27,3,2,1,42,4,0,0,0,3,4,181),(933,518397,119,2019,17.1,7,9,7,7,2,0,1,17,7,0,0,0,0,0,76),(934,643316,110,2019,57.1,29,55,39,34,7,4,6,54,11,3,0,0,2,0,255),(935,571656,116,2019,67.2,24,73,32,28,8,4,5,62,15,0,1,0,4,4,288),(936,643338,147,2019,69.0,19,98,35,32,10,6,6,66,4,2,15,0,2,3,295),(937,598287,108,2019,67.2,20,79,30,30,9,3,5,59,3,0,7,0,2,1,280),(938,598286,116,2019,79.2,35,74,45,36,11,8,1,76,1,0,0,0,6,3,348),(939,502026,158,2019,52.0,17,46,32,29,5,0,5,54,12,1,0,0,1,0,225),(940,592135,108,2019,61.1,22,64,30,22,7,3,3,48,15,1,7,0,9,1,258),(941,571666,133,2019,184.2,53,126,82,80,30,13,9,166,0,0,33,1,13,5,754),(942,502043,142,2019,160.0,56,160,99,86,23,6,7,175,2,0,29,0,8,2,706),(943,502042,134,2019,119.2,55,143,73,69,25,9,4,114,0,0,23,0,6,3,526),(944,571670,119,2019,46.2,14,42,25,22,4,2,2,46,6,0,0,0,1,1,201),(945,545064,115,2019,57.2,19,63,34,29,7,4,2,56,7,5,0,0,4,1,245),(946,592169,146,2019,44.2,18,46,21,17,7,2,7,37,7,0,0,0,2,1,199),(947,407845,120,2019,33.1,16,35,16,15,3,2,0,29,17,2,0,0,4,0,140),(948,663855,138,2019,28.2,11,31,10,10,2,0,1,16,3,14,0,0,2,0,110),(949,543022,112,2019,76.2,37,74,33,32,8,2,5,65,4,2,5,0,8,1,324),(950,641312,137,2019,96.0,38,70,61,58,13,2,2,111,1,2,16,0,6,1,427),(951,592165,136,2019,47.1,24,47,25,24,6,5,0,34,8,0,0,0,6,3,196),(952,571704,141,2019,53.0,17,83,11,11,5,5,0,36,0,23,0,0,2,0,208),(953,518452,115,2019,63.2,21,42,47,43,10,0,5,78,4,1,3,0,2,0,287),(954,641341,121,2019,22.0,17,20,17,17,6,3,0,21,1,0,0,0,0,1,103),(955,543037,117,2019,212.1,48,326,66,59,29,11,3,142,0,0,33,3,4,3,817),(956,571710,110,2019,63.0,26,86,35,32,13,9,2,49,7,11,0,0,5,2,260),(957,608566,115,2019,174.0,35,175,96,92,29,4,5,174,0,0,28,1,14,4,721),(958,612672,146,2019,68.1,18,63,54,50,15,0,5,87,3,0,0,0,2,2,307),(959,543045,146,2019,60.2,29,53,45,44,10,2,3,76,6,2,0,0,2,1,283),(960,475479,112,2019,17.0,10,18,7,6,2,0,0,17,1,1,0,0,2,1,76),(961,448855,158,2019,83.2,36,77,35,33,11,6,4,58,20,3,0,0,5,2,344),(962,592222,158,2019,62.0,24,44,29,28,8,3,6,57,22,0,0,0,1,3,267),(963,518489,111,2019,55.2,21,61,33,30,9,1,3,51,10,7,0,0,3,3,241),(964,592233,109,2019,30.1,8,33,12,12,3,0,2,23,3,0,0,0,1,0,123),(965,547179,113,2019,83.1,28,85,29,27,9,5,2,68,21,7,0,0,2,2,343),(966,434538,134,2019,70.0,35,63,32,27,8,3,3,60,12,0,0,0,1,2,301),(967,518516,137,2019,207.2,43,203,99,90,30,14,10,191,0,0,34,0,3,5,844),(968,543101,113,2019,166.2,49,167,77,72,29,11,4,151,0,0,31,1,2,3,696),(969,608638,119,2019,21.1,5,28,16,15,4,4,2,21,0,0,0,0,0,4,88),(970,608648,142,2019,57.2,14,82,23,16,8,0,3,44,16,0,0,1,3,1,238),(971,543118,139,2019,56.0,19,70,20,20,9,1,1,36,13,2,0,0,1,0,219),(972,502154,147,2019,61.1,32,53,13,13,3,1,1,38,29,3,0,0,3,2,245),(973,594311,137,2019,24.1,9,14,11,8,1,0,0,18,4,1,0,0,0,3,99),(974,543135,111,2019,67.2,35,70,46,45,16,2,3,72,4,0,12,0,6,2,302),(975,518553,112,2019,64.0,29,57,22,21,7,3,7,48,11,7,0,0,4,2,267),(976,663978,135,2019,140.2,31,153,58,52,23,0,6,107,0,0,26,1,1,3,568),(977,518566,108,2019,51.2,24,50,35,34,2,5,2,58,4,0,6,0,3,2,231),(978,606625,137,2019,56.2,33,70,19,18,4,8,3,41,15,0,0,0,3,1,246),(979,502190,136,2019,137.0,19,100,78,65,26,4,4,153,0,0,22,0,2,1,576),(980,502188,137,2019,181.1,49,140,78,71,28,14,6,152,0,0,32,0,5,4,740),(981,608678,138,2019,40.2,22,46,28,25,9,1,0,39,0,1,0,0,1,1,180),(982,663992,118,2019,20.0,8,17,17,17,2,0,1,30,2,0,0,0,1,1,96),(983,592314,144,2019,117.0,37,105,65,59,23,3,2,109,0,0,21,0,5,1,491),(984,502202,118,2019,26.2,17,27,16,16,3,3,1,25,0,1,0,0,1,1,122),(985,641482,147,2019,66.2,28,69,44,42,16,0,1,75,2,0,1,0,1,2,298),(986,608717,134,2019,46.2,15,47,22,19,7,2,0,50,1,0,0,0,1,0,200),(987,455119,140,2019,38.0,4,43,13,13,8,3,0,35,12,4,0,0,0,1,147),(988,592351,115,2019,150.0,56,150,70,64,19,8,4,147,0,0,25,0,7,3,637),(989,502239,108,2019,102.1,39,81,71,68,25,13,6,111,0,0,11,0,14,4,455),(990,571858,110,2019,41.0,19,34,28,27,9,0,1,44,5,0,0,0,3,1,183),(991,518617,118,2019,41.2,23,63,23,22,3,1,8,33,18,0,0,0,4,1,188),(992,518617,133,2019,20.1,16,21,11,10,0,0,3,16,13,0,0,0,2,2,94),(993,543208,141,2019,95.2,22,88,51,49,18,3,4,85,5,0,0,1,0,3,392),(994,571882,141,2019,60.2,40,67,36,33,8,4,3,61,8,5,4,0,7,2,285),(995,584171,111,2019,56.1,28,49,40,34,7,0,3,58,1,0,8,0,2,3,247),(996,434671,120,2019,166.0,58,134,77,71,22,15,4,153,0,0,30,3,1,2,712),(997,518633,118,2019,130.2,46,115,69,63,21,1,8,125,0,0,23,0,4,3,555),(998,543243,113,2019,175.1,68,205,59,56,17,14,7,122,0,0,31,1,7,5,708),(999,461325,114,2019,62.0,15,64,20,20,8,1,7,38,8,0,3,0,3,1,241),(1000,592390,111,2019,39.2,18,46,20,17,7,3,3,34,4,2,0,0,2,0,173),(1001,571927,121,2019,160.1,52,153,83,75,27,9,7,163,1,0,30,0,3,1,691),(1002,543272,114,2019,57.1,18,84,21,21,6,2,4,53,0,34,0,0,0,0,242),(1003,571945,138,2019,184.0,32,144,90,85,27,5,12,193,0,0,32,2,5,7,764),(1004,592426,144,2019,72.2,26,106,34,31,10,6,2,76,9,18,0,0,3,0,315),(1005,543278,116,2019,44.1,13,29,24,22,10,1,0,38,7,0,0,0,3,4,182),(1006,643617,116,2019,28.0,16,17,28,27,11,2,0,44,1,0,1,0,1,2,140),(1007,453172,113,2019,48.1,19,34,27,22,6,3,2,41,4,1,0,0,0,1,199),(1008,453172,143,2019,23.0,8,20,10,10,7,0,0,16,4,0,0,0,1,0,90),(1009,543294,112,2019,177.0,32,150,78,68,19,5,9,168,0,0,30,0,1,5,730),(1010,621107,143,2019,163.1,48,129,88,75,28,9,6,172,0,0,28,0,1,3,705),(1011,504379,143,2019,47.1,21,45,27,25,4,5,2,57,10,1,0,1,0,2,217),(1012,453178,118,2019,63.1,17,73,24,24,6,1,1,64,1,30,0,0,3,0,266),(1013,518715,136,2019,41.1,21,39,18,18,3,9,4,38,11,0,2,0,4,1,180),(1014,545333,114,2019,156.2,63,185,76,66,22,8,14,127,0,0,24,0,8,3,664),(1015,621111,119,2019,182.1,37,215,77,66,20,8,7,153,0,0,30,0,4,6,737),(1016,506433,112,2019,178.2,56,229,82,79,33,24,11,140,0,0,31,0,11,4,731),(1017,664129,134,2019,35.0,18,38,35,35,8,0,0,52,2,0,0,1,5,4,171),(1018,453192,138,2019,54.2,27,70,32,27,11,1,8,45,28,6,0,0,4,1,236),(1019,592454,147,2019,61.1,20,88,27,25,9,3,2,45,27,0,0,0,8,1,248),(1020,592473,139,2019,43.1,14,36,19,19,6,1,3,39,15,1,0,0,1,0,184),(1021,592473,119,2019,11.2,2,9,3,1,1,0,0,9,4,0,0,0,0,0,45),(1022,641627,137,2019,52.2,17,57,26,26,4,3,2,41,1,1,0,0,1,4,214),(1023,664157,137,2019,19.2,9,18,12,12,4,3,1,18,0,0,0,1,1,0,85),(1024,623184,115,2019,56.0,23,58,18,14,5,3,0,39,8,5,0,0,3,1,223),(1025,621142,108,2019,72.1,23,84,34,32,8,6,5,69,26,2,0,0,6,2,309),(1026,543339,141,2019,48.0,23,48,18,16,5,4,3,38,8,2,1,0,1,3,207),(1027,543339,120,2019,25.0,4,23,7,4,3,1,1,18,3,6,0,0,1,2,97),(1028,572020,147,2019,150.2,55,186,71,64,23,7,2,138,0,0,29,1,7,4,633),(1029,543351,158,2019,30.1,18,47,15,15,6,4,2,22,2,0,0,0,0,2,132),(1030,621199,113,2019,32.0,13,25,15,13,2,5,0,27,0,0,0,0,0,2,137),(1031,664192,135,2019,163.2,56,158,78,76,23,5,2,144,0,0,30,0,8,4,686),(1032,664199,109,2019,84.2,30,68,55,50,23,2,6,86,0,1,15,0,3,5,369),(1033,453265,137,2019,54.0,12,41,26,25,9,1,5,56,25,0,0,0,1,0,231),(1034,664208,135,2019,24.1,6,20,22,21,6,0,1,34,2,0,0,0,1,0,115),(1035,518813,109,2019,35.2,24,41,18,18,5,2,0,25,0,17,0,0,6,2,152),(1036,453286,120,2019,172.1,33,243,59,56,18,8,7,144,0,0,27,0,0,2,693),(1037,453284,142,2019,36.1,16,34,18,17,7,0,2,34,9,10,0,0,4,1,157),(1038,453284,143,2019,25.0,6,31,14,14,6,1,1,19,4,0,2,0,0,1,98),(1039,459429,115,2019,41.1,11,35,25,20,11,0,3,47,4,0,0,1,0,3,180),(1040,453281,136,2019,121.1,31,92,80,77,28,3,1,145,0,0,8,0,0,1,532),(1041,621242,121,2019,58.0,22,99,36,36,15,11,4,58,1,26,0,0,3,2,254),(1042,621244,142,2019,200.1,51,195,94,82,26,12,9,194,0,0,32,1,8,6,842),(1043,641712,138,2019,174.2,86,136,80,65,22,3,9,160,0,1,32,0,5,7,757),(1044,621237,139,2019,30.0,27,39,18,16,2,1,0,29,8,7,1,0,8,2,146),(1045,527048,142,2019,165.1,67,135,104,94,23,13,3,184,0,0,29,1,3,5,737),(1046,527054,144,2019,174.2,83,162,81,74,22,15,14,148,0,0,33,1,5,5,754),(1047,641729,116,2019,59.2,23,82,33,29,13,2,4,56,15,9,0,1,1,0,257),(1048,643778,138,2019,55.0,23,48,23,23,7,3,2,33,8,1,0,0,2,2,221),(1049,641755,146,2019,49.1,36,46,20,20,5,1,1,43,1,1,0,0,3,2,221),(1050,664285,117,2019,70.2,44,68,51,46,9,6,4,74,0,0,8,1,4,4,329),(1051,641745,118,2019,165.1,70,122,80,77,15,1,9,154,0,0,28,1,9,5,709),(1052,453343,137,2019,46.1,16,44,19,18,3,3,2,49,5,1,0,0,3,1,195),(1053,453343,144,2019,21.0,2,24,9,9,1,0,0,22,0,11,0,0,1,0,89),(1054,518876,109,2019,183.1,57,158,95,90,29,3,2,184,0,0,32,0,4,5,777),(1055,518875,140,2019,47.1,11,43,27,26,12,2,2,55,6,11,0,0,2,1,205),(1056,518886,112,2019,20.2,12,30,15,15,9,2,2,21,0,13,0,0,0,1,96),(1057,621295,114,2019,57.2,15,60,22,18,10,0,0,47,12,4,0,0,0,0,231),(1058,662253,135,2019,23.0,11,30,10,10,2,1,0,16,8,1,0,1,1,0,97),(1059,592612,145,2019,67.2,15,61,38,35,15,3,0,62,2,0,0,0,3,1,272),(1060,623352,158,2019,75.2,20,138,24,22,15,1,4,41,6,37,0,0,0,0,289),(1061,543483,142,2019,28.1,15,36,21,14,4,0,2,30,0,0,0,0,2,1,133),(1062,543483,136,2019,22.1,5,28,10,9,3,1,0,21,1,5,0,0,3,1,96),(1063,641778,135,2019,149.2,51,138,82,74,20,2,5,158,0,0,29,1,4,3,651),(1064,606965,117,2019,69.0,21,72,39,37,13,13,3,69,7,0,1,0,2,3,298),(1065,465657,133,2019,69.0,20,79,33,33,9,1,3,51,21,1,1,1,5,2,278),(1066,641793,142,2019,37.0,9,32,12,11,4,2,0,34,1,0,0,0,0,0,146),(1067,445197,115,2019,17.2,6,15,14,14,4,0,0,17,2,0,0,0,2,4,75),(1068,623364,135,2019,24.2,9,31,19,18,7,1,1,26,8,0,0,0,0,1,110),(1069,592644,114,2019,109.1,26,78,61,59,22,2,4,115,0,0,20,0,0,2,462),(1070,473879,137,2019,51.0,7,47,17,14,3,4,3,39,17,2,0,0,0,0,196),(1071,641816,113,2019,129.2,34,129,82,74,25,3,6,136,0,0,25,1,2,2,556),(1072,520980,119,2019,69.2,23,69,30,24,6,5,4,43,25,1,0,0,0,0,276),(1073,543507,142,2019,64.1,26,79,24,21,8,6,3,43,17,2,0,0,3,3,266),(1074,445213,112,2019,57.0,13,48,18,17,5,1,4,45,17,1,0,0,0,1,227),(1075,623381,141,2019,73.0,31,69,51,50,13,3,6,73,1,0,7,0,6,2,325),(1076,592662,109,2019,174.1,84,235,91,84,30,10,5,150,0,0,33,0,7,4,747),(1077,641835,141,2019,51.1,27,55,29,28,8,3,1,45,18,0,0,0,4,2,227),(1078,641838,118,2019,60.1,21,38,31,30,4,1,2,68,6,1,0,0,2,4,268),(1079,621345,144,2019,29.1,23,35,23,23,3,6,1,36,5,5,0,0,5,1,147),(1080,543521,117,2019,74.2,30,82,41,39,12,3,3,62,5,0,8,0,0,3,317),(1081,572193,141,2019,21.2,8,14,12,12,5,2,0,20,2,0,1,0,2,2,91),(1082,543548,136,2019,111.2,23,94,61,59,24,7,2,102,0,0,6,0,1,5,453),(1083,621363,139,2019,51.2,19,72,27,27,9,6,5,33,16,2,0,0,2,0,207),(1084,623433,146,2019,43.2,16,69,19,19,5,1,1,40,7,1,0,0,2,1,186),(1085,623433,139,2019,21.1,2,41,5,5,3,0,1,12,9,0,0,0,2,0,78),(1086,621385,116,2019,29.0,15,28,18,14,5,3,0,35,5,0,0,0,0,3,135),(1087,592717,141,2019,112.2,59,99,82,76,15,10,10,131,0,0,23,0,7,3,524),(1088,592716,140,2019,125.1,36,101,86,82,29,3,9,156,0,0,15,1,4,2,563),(1089,621381,135,2019,114.2,22,118,61,60,22,8,7,121,6,0,16,1,3,1,487),(1090,430935,112,2019,141.2,56,143,64,60,17,11,7,141,0,0,27,0,1,6,617),(1091,656222,139,2019,104.1,40,89,56,50,12,3,9,115,2,1,3,0,3,5,464),(1092,445276,119,2019,63.0,16,80,28,26,9,13,4,51,0,33,0,3,2,3,263),(1093,600917,140,2019,68.2,39,100,34,33,7,5,6,52,7,14,3,0,7,2,299),(1094,621397,114,2019,30.2,16,28,15,15,3,2,2,34,1,0,0,0,2,1,140),(1095,623465,110,2019,28.0,20,40,20,20,2,1,5,32,3,0,0,0,2,2,140),(1096,471911,114,2019,80.0,16,96,48,47,18,3,2,92,1,1,12,0,2,2,341),(1097,435043,113,2019,23.1,18,18,13,13,4,4,2,21,4,0,0,0,0,1,106),(1098,623470,118,2019,31.0,16,29,13,13,7,1,1,29,4,0,0,0,0,3,137),(1099,594798,121,2019,204.0,44,255,59,55,19,24,7,154,0,0,32,0,2,3,804),(1100,502624,158,2019,139.0,50,124,67,65,23,11,8,126,0,0,27,1,1,2,592),(1101,519008,109,2019,56.0,20,35,35,30,6,2,1,71,9,0,0,0,1,2,250),(1102,516969,145,2019,51.1,23,53,36,35,8,9,1,60,6,1,0,2,8,2,235),(1103,592761,146,2019,153.1,60,168,82,77,33,8,6,128,0,0,28,1,6,5,646),(1104,543606,142,2019,159.0,53,178,65,62,16,1,4,139,0,0,30,0,4,4,658),(1105,570240,108,2019,96.1,34,101,56,49,16,6,6,80,1,0,7,0,8,1,407),(1106,658305,143,2019,39.0,26,45,25,25,11,1,0,38,2,0,0,0,4,2,172),(1107,656257,146,2019,38.1,14,39,20,19,8,3,1,36,5,1,0,0,6,1,161),(1108,592773,139,2019,55.2,20,61,24,21,7,4,0,44,2,0,27,0,2,2,228),(1109,592773,146,2019,21.1,19,28,15,13,4,2,0,17,5,1,0,0,3,1,99),(1110,594840,120,2019,46.2,10,35,34,33,11,1,2,61,4,0,1,0,1,2,206),(1111,517008,145,2019,61.0,23,55,28,19,7,0,1,42,0,30,0,0,4,3,249),(1112,594835,136,2019,203.0,56,147,106,90,23,7,6,210,0,0,34,1,2,9,866),(1113,592789,121,2019,197.2,50,202,101,94,24,42,6,194,0,0,32,0,4,8,825),(1114,641941,139,2019,70.0,13,96,19,18,12,2,1,45,8,20,0,0,3,1,267),(1115,553878,134,2019,60.0,13,90,12,11,5,1,4,43,0,28,0,0,3,1,236),(1116,592815,136,2019,23.0,11,27,6,6,1,0,2,13,7,0,2,0,1,1,94),(1117,592826,143,2019,117.1,43,130,69,64,26,4,9,120,2,0,23,0,5,3,516),(1118,502706,137,2019,68.2,35,71,49,45,17,4,4,68,0,0,7,0,0,2,308),(1119,453562,143,2019,135.2,51,110,76,70,21,12,7,149,0,0,24,0,7,4,594),(1120,519096,114,2019,29.2,3,16,17,16,6,1,1,42,1,0,0,0,1,0,131),(1121,572362,135,2019,55.1,15,52,36,33,6,0,1,72,5,0,1,0,3,3,251),(1122,605130,118,2019,70.1,37,92,33,33,6,7,3,64,14,1,0,1,5,1,310),(1123,605135,133,2019,144.0,47,141,66,61,21,10,13,125,0,0,25,0,3,5,612),(1124,656322,137,2019,27.2,15,20,11,11,3,3,4,19,0,0,0,1,2,0,114),(1125,605121,108,2019,47.0,32,60,32,29,6,3,1,42,13,1,0,0,4,2,217),(1126,592858,112,2019,33.1,16,35,13,9,0,4,3,22,5,2,0,0,0,0,140),(1127,605151,109,2019,71.2,36,87,30,28,5,3,5,67,7,18,1,0,0,2,317),(1128,543699,113,2019,110.1,38,108,55,52,14,3,9,119,0,0,21,0,0,1,484),(1129,502748,117,2019,91.2,31,96,43,42,15,5,5,78,0,0,15,1,1,3,383),(1130,519141,137,2019,77.2,36,92,51,49,17,7,4,89,0,0,17,1,1,1,355),(1131,519141,158,2019,26.1,8,45,7,7,4,0,0,16,12,2,1,0,0,1,100),(1132,625643,145,2019,184.0,65,169,119,110,35,13,8,203,0,0,33,2,5,5,809),(1133,605164,110,2019,161.2,58,162,95,86,29,11,6,161,0,0,30,1,7,7,700),(1134,519151,117,2019,54.1,12,72,15,14,6,2,0,37,31,3,0,0,4,1,211),(1135,607200,120,2019,78.0,33,41,39,39,11,6,2,81,0,0,12,0,1,2,334),(1136,605155,111,2019,54.2,34,52,26,25,6,6,2,59,6,0,0,0,9,3,253),(1137,605154,138,2019,72.2,27,87,31,29,6,1,3,59,13,0,0,0,0,1,304),(1138,592866,134,2019,145.2,44,113,93,87,27,4,7,162,0,0,26,0,2,8,636),(1139,519144,111,2019,174.1,45,143,114,107,31,7,6,198,0,0,32,2,5,1,768),(1140,605177,109,2019,52.2,18,68,23,22,6,1,2,52,23,0,0,0,2,0,225),(1141,607229,121,2019,63.2,23,60,36,33,7,4,6,64,7,1,0,0,4,2,277),(1142,607231,138,2019,66.1,34,60,29,27,4,1,0,51,19,3,0,0,1,0,269),(1143,605182,114,2019,126.0,37,169,38,38,10,9,2,96,0,0,21,0,0,1,499),(1144,523260,119,2019,51.1,22,62,31,26,6,2,3,49,8,1,0,0,10,0,226),(1145,572403,116,2019,58.0,23,51,40,38,9,6,4,70,1,0,4,0,3,1,258),(1146,605195,134,2019,49.0,35,61,30,27,10,7,7,41,13,0,0,0,1,1,226),(1147,451584,115,2019,42.2,29,42,42,41,7,14,2,51,0,15,0,0,1,0,206),(1148,521230,133,2019,85.0,21,124,18,17,5,1,2,61,8,25,2,0,7,3,332),(1149,607237,113,2019,56.0,35,78,22,20,7,7,4,44,22,0,0,1,5,0,246),(1150,668676,114,2019,115.2,40,88,52,49,19,1,3,102,0,0,21,0,1,0,475),(1151,672773,141,2019,33.2,24,27,20,20,4,2,3,36,0,0,0,0,4,1,159),(1152,605200,158,2019,159.2,51,102,73,63,20,10,2,155,0,0,31,0,4,5,672),(1153,543766,115,2019,72.0,29,58,44,43,12,5,5,69,12,1,0,0,1,1,311),(1154,656427,138,2019,196.1,55,231,62,60,25,1,7,135,0,0,33,0,6,3,772),(1155,594987,119,2019,27.0,8,20,9,7,3,0,3,25,2,1,1,0,0,1,115),(1156,594986,112,2019,61.0,29,58,26,24,5,5,1,55,14,0,0,0,1,3,260),(1157,500779,112,2019,171.0,46,152,100,89,20,6,2,191,1,0,31,0,11,13,745),(1158,605240,145,2019,55.0,43,68,33,29,7,2,3,44,11,0,0,0,4,1,251),(1159,461872,144,2019,39.2,19,35,19,19,6,2,0,38,17,1,0,0,1,0,170),(1160,547888,147,2019,182.0,40,149,95,90,28,2,2,186,0,0,31,0,7,4,759),(1161,642098,118,2019,136.0,41,81,96,91,30,1,6,164,0,0,23,2,6,4,606),(1162,519242,111,2019,147.1,37,218,80,72,24,8,13,123,0,0,25,0,2,4,612),(1163,595014,133,2019,58.2,37,59,33,32,9,7,1,58,3,16,0,0,1,1,266),(1164,605276,110,2019,80.0,30,68,73,63,28,2,2,94,0,0,14,0,1,3,365),(1165,656464,109,2019,24.1,9,28,7,4,2,1,0,15,8,2,0,0,2,0,96),(1166,605288,158,2019,111.1,37,117,49,46,14,13,5,101,1,0,18,0,2,3,462),(1167,642152,133,2019,60.0,31,57,40,35,7,9,3,61,17,0,0,0,7,3,269),(1168,605280,134,2019,50.0,36,56,36,31,5,4,9,45,1,0,0,0,4,0,240),(1169,547943,119,2019,182.2,24,163,53,47,17,1,4,160,0,0,29,0,0,2,723),(1170,597113,115,2019,25.0,19,24,14,14,1,1,3,23,4,0,0,0,4,1,116),(1171,607352,141,2019,50.0,17,50,22,21,8,0,1,50,10,1,0,0,2,0,212),(1172,605309,134,2019,29.2,11,33,7,7,3,0,1,19,6,1,0,0,1,0,119),(1173,519293,137,2019,65.1,21,96,20,20,10,1,0,46,0,34,0,0,3,1,257),(1174,650382,111,2019,30.1,26,57,18,15,1,0,3,27,4,0,1,0,4,0,147),(1175,547973,147,2019,57.0,25,85,18,14,3,4,1,38,0,37,0,0,6,3,235),(1176,613534,136,2019,31.0,14,51,13,13,4,1,0,20,10,0,2,0,2,1,124),(1177,519326,120,2019,21.0,8,15,12,12,5,3,2,20,10,0,0,0,1,1,92),(1178,605359,145,2019,50.2,24,41,16,14,5,2,0,42,19,0,0,0,1,1,209),(1179,656547,147,2019,41.1,11,46,32,29,8,2,2,43,4,0,1,0,0,0,181),(1180,605347,118,2019,123.2,42,109,94,87,27,5,10,140,0,1,18,0,6,7,548),(1181,580792,114,2019,40.2,22,50,18,16,7,1,0,30,10,0,0,0,0,2,173),(1182,642232,139,2019,141.2,20,117,69,65,15,5,9,121,0,0,14,1,0,3,563),(1183,457918,147,2019,161.1,49,140,88,88,34,2,5,160,0,0,30,0,3,2,678),(1184,457915,120,2019,53.2,12,42,30,29,9,2,0,55,4,1,0,0,3,1,228),(1185,642231,110,2019,41.0,24,33,32,31,9,5,2,51,3,0,4,0,4,1,193),(1186,605388,143,2019,29.2,10,29,14,13,4,1,3,20,19,0,0,0,0,0,120),(1187,605400,143,2019,202.1,80,229,91,87,27,7,11,176,0,0,34,0,3,2,852),(1188,605397,134,2019,170.1,39,157,98,84,21,2,9,168,1,0,31,0,2,6,718),(1189,519393,111,2019,78.0,32,76,38,33,6,6,5,61,8,2,0,1,6,2,327),(1190,607457,120,2019,25.2,12,30,21,19,8,0,2,33,8,0,0,1,2,1,124),(1191,670950,146,2019,112.0,51,103,56,56,16,3,5,104,1,0,20,0,4,4,483),(1192,607481,145,2019,67.2,24,60,17,16,4,2,3,43,27,1,0,0,4,0,262),(1193,593144,134,2019,65.1,23,63,30,27,14,2,2,65,16,1,0,0,1,1,285),(1194,593140,134,2019,56.1,27,73,27,25,11,5,2,44,3,0,1,1,0,1,239),(1195,570632,146,2019,84.2,26,62,53,49,13,2,2,99,0,3,13,0,2,2,369),(1196,605452,120,2019,64.0,33,57,41,39,7,1,4,74,2,0,9,0,2,1,295),(1197,630023,139,2019,133.1,28,114,61,57,23,4,3,112,0,0,18,3,4,1,530),(1198,605446,137,2019,99.0,36,71,74,62,21,6,2,108,0,0,16,0,1,0,439),(1199,458006,158,2019,59.2,29,57,34,34,8,5,3,53,10,4,0,1,2,2,258),(1200,519443,111,2019,71.2,45,104,18,15,1,8,2,29,15,16,0,1,4,3,286),(1201,572703,108,2019,49.0,13,40,27,26,8,8,5,41,1,0,3,1,5,1,199),(1202,519455,116,2019,112.0,25,82,89,86,19,12,6,145,0,0,23,0,3,4,504),(1203,615698,135,2019,103.0,28,89,61,59,15,10,3,106,1,0,18,0,3,3,443),(1204,664854,138,2019,36.2,12,32,13,12,5,2,0,34,1,0,0,1,2,1,153),(1205,605483,139,2019,107.0,40,147,53,51,14,15,1,96,0,0,23,1,11,1,441),(1206,570666,147,2019,81.0,31,75,42,37,14,4,3,75,4,1,0,0,1,4,343),(1207,656685,140,2019,62.1,18,62,38,33,7,1,2,72,5,0,2,0,3,3,280),(1208,488748,133,2019,45.1,23,50,16,15,8,4,2,42,12,0,0,0,1,3,198),(1209,570663,108,2019,72.2,16,75,20,20,6,3,0,58,2,23,1,1,4,3,283),(1210,605498,137,2019,32.2,14,25,23,21,7,1,1,39,1,0,2,0,2,4,148),(1211,605501,147,2019,24.2,15,34,20,19,6,0,2,34,2,2,1,1,5,0,120),(1212,605488,140,2019,32.1,23,32,23,23,4,1,0,38,1,0,0,0,0,2,155),(1213,607536,115,2019,104.1,39,79,85,78,25,1,2,126,0,0,22,0,4,4,473),(1214,605513,116,2019,148.1,59,146,86,76,14,14,16,154,0,0,30,0,9,4,656),(1215,607560,142,2019,54.1,10,50,25,23,7,4,1,54,12,1,0,0,5,3,225),(1216,488768,111,2019,53.2,29,42,39,37,8,1,3,58,4,1,6,0,4,1,236),(1217,642397,116,2019,57.2,33,45,39,37,9,5,0,74,2,0,7,0,5,3,276),(1218,474463,133,2019,176.0,49,90,80,76,20,10,4,181,0,0,31,0,4,4,743),(1219,605525,133,2019,32.2,9,34,14,13,2,1,2,21,1,0,0,0,2,1,131),(1220,456034,111,2019,107.1,32,128,57,51,15,3,3,109,0,0,22,1,3,1,458),(1221,605538,135,2019,29.0,10,34,17,17,5,0,0,34,4,0,0,1,3,1,129),(1222,605538,136,2019,22.1,6,29,17,15,5,3,0,22,4,0,8,0,0,0,95),(1223,554340,119,2019,62.1,14,66,28,25,15,2,6,40,4,0,0,1,1,1,247),(1224,605540,158,2019,121.2,30,143,49,49,12,8,5,109,0,0,22,1,1,2,493),(1225,607625,121,2019,80.0,16,104,28,24,8,3,5,56,21,6,0,0,2,1,314),(1226,656794,144,2019,68.1,29,65,28,24,8,4,3,61,16,1,4,0,4,2,293),(1227,607644,110,2019,155.0,38,121,68,62,23,0,5,138,0,0,27,0,5,3,637),(1228,650671,146,2019,29.2,26,44,20,19,10,2,4,27,4,1,0,0,2,0,144),(1229,476589,135,2019,28.2,12,25,18,17,9,2,1,28,3,0,0,0,3,0,124),(1230,521655,141,2019,39.1,11,53,16,16,7,5,1,34,1,0,14,0,0,2,162),(1231,433589,133,2019,83.0,10,71,25,25,11,2,0,57,29,0,0,0,2,3,308),(1232,554430,121,2019,195.1,50,195,93,86,22,6,2,196,0,0,31,0,5,7,828),(1233,593334,147,2019,143.0,39,153,69,64,30,1,5,125,0,0,24,0,5,1,594),(1234,572888,116,2019,38.0,12,43,11,5,5,2,1,21,0,22,0,0,0,0,151),(1235,572888,144,2019,24.2,5,21,11,11,3,1,2,25,10,1,0,0,0,1,101),(1236,593372,138,2019,48.1,18,53,18,17,2,0,3,39,3,24,0,0,2,1,200),(1237,445926,140,2019,78.0,22,72,48,42,12,2,5,82,8,1,9,0,1,2,337),(1238,673258,135,2019,29.2,14,28,10,10,3,1,3,25,0,0,1,1,1,1,131),(1239,472551,137,2019,13.0,3,9,6,6,2,1,0,9,8,0,0,0,1,0,49),(1240,622075,115,2019,34.0,14,29,22,21,7,3,1,39,1,0,0,0,1,1,157),(1241,642558,140,2019,122.1,36,81,94,79,21,7,4,148,1,0,18,0,3,9,541),(1242,642547,158,2019,85.0,37,115,58,50,15,4,2,87,5,1,8,0,3,1,382),(1243,460283,144,2019,32.1,16,37,15,14,5,4,2,25,10,1,0,0,2,2,141),(1244,595465,144,2019,21.2,11,22,14,12,5,0,1,18,6,0,0,0,1,0,93),(1245,624133,143,2019,48.2,12,42,18,17,6,0,1,52,7,0,0,1,1,2,205),(1246,669203,158,2019,49.0,20,70,52,48,17,4,0,70,4,1,4,0,2,0,235),(1247,622103,135,2019,26.0,11,38,22,22,3,1,3,24,1,0,0,0,3,2,117),(1248,472610,108,2019,62.0,33,57,35,30,13,5,5,61,6,1,2,0,7,2,278),(1249,548389,119,2019,90.2,20,93,40,35,11,2,2,84,3,0,15,0,4,4,370),(1250,656945,110,2019,26.1,19,37,17,14,4,4,2,28,2,0,0,0,2,0,122),(1251,628317,119,2019,153.2,51,169,70,69,22,7,4,114,4,3,26,0,3,3,624),(1252,656977,144,2019,29.0,19,38,22,20,6,6,3,28,6,0,0,1,3,0,134),(1253,532077,117,2019,65.0,12,73,20,19,8,1,2,45,0,38,0,0,1,1,253),(1254,601713,143,2019,93.2,39,89,64,56,20,6,4,103,1,1,13,1,4,4,421),(1255,573046,142,2019,22.2,2,11,11,8,3,0,2,20,1,1,0,0,0,0,92),(1256,573046,143,2019,28.0,8,15,18,18,3,0,2,26,7,0,0,0,2,1,118),(1257,501381,142,2019,146.0,28,140,68,65,23,8,5,141,0,0,26,0,8,7,600),(1258,650895,139,2019,68.2,26,81,32,26,8,3,5,59,17,8,6,0,5,1,290),(1259,657024,136,2019,58.0,12,52,41,37,17,4,2,56,1,2,8,0,2,1,245),(1260,657031,111,2019,47.1,16,62,17,16,5,0,2,40,6,0,1,0,3,1,194),(1261,493200,115,2019,18.1,6,16,19,19,6,0,0,29,3,0,0,0,2,0,88),(1262,657053,144,2019,41.2,26,45,28,26,5,0,7,44,2,0,1,0,6,0,198),(1263,489119,117,2019,167.1,61,140,83,74,23,3,5,164,0,0,33,2,4,5,720),(1264,450203,139,2019,194.2,57,240,71,66,15,3,12,154,0,0,33,1,5,3,790),(1265,503449,118,2019,40.1,19,24,28,26,7,4,2,45,5,2,0,0,0,2,176),(1266,593576,143,2019,67.2,24,89,24,22,10,2,6,45,2,28,0,2,2,2,275),(1267,622259,135,2019,51.0,28,72,32,32,5,5,5,34,16,1,1,0,4,2,218),(1268,657097,144,2019,32.1,12,28,10,5,4,1,1,24,9,2,0,0,3,0,131),(1269,552640,139,2019,49.2,12,58,25,23,7,1,2,51,3,0,7,0,2,2,210),(1270,573124,142,2019,69.0,11,90,20,20,8,0,6,58,10,30,0,0,2,0,278),(1271,282332,147,2019,107.1,39,107,64,59,27,9,3,112,1,0,22,0,0,1,468),(1272,628452,113,2019,67.0,21,89,31,31,12,0,2,61,3,34,0,0,3,1,279),(1273,593679,110,2019,110.2,26,67,77,69,29,2,3,126,0,0,13,1,4,1,480),(1274,579328,136,2019,161.2,50,116,109,98,36,8,6,195,0,0,32,1,5,5,721),(1275,573186,141,2019,124.2,35,99,50,41,10,8,0,118,0,0,21,0,4,1,513),(1276,661255,109,2019,60.2,17,42,27,23,11,3,0,52,21,1,0,0,1,4,246),(1277,669456,114,2019,214.1,40,259,86,78,31,7,6,186,0,0,33,1,6,1,859),(1278,448281,120,2019,60.0,15,66,27,27,11,3,2,63,2,29,0,0,0,0,260),(1279,608032,115,2019,72.0,23,81,34,30,12,2,1,70,11,0,0,1,1,3,308),(1280,614179,145,2019,40.0,24,35,27,25,6,1,2,56,1,0,1,0,4,2,198),(1281,489265,146,2019,37.2,13,33,18,15,4,5,0,33,1,17,0,1,2,3,156),(1282,489265,142,2019,22.2,4,27,9,8,3,2,2,17,16,3,0,0,1,1,93),(1283,425794,138,2019,171.2,64,153,83,80,22,4,8,181,0,0,31,0,2,5,745),(1284,501593,121,2019,32.0,14,30,18,18,5,3,3,33,3,0,0,0,2,0,141),(1285,673633,109,2019,53.0,22,61,31,28,7,0,3,51,15,1,0,0,2,2,233),(1286,489334,135,2019,82.0,15,73,36,30,13,1,2,80,31,4,0,0,0,3,339),(1287,542585,116,2019,35.1,19,40,21,17,5,1,3,35,4,0,0,0,1,2,162),(1288,425844,109,2019,146.0,21,135,48,47,15,1,3,117,0,0,23,0,1,3,562),(1289,663423,141,2019,154.1,61,149,87,83,24,4,5,156,0,0,29,0,5,7,677),(1290,501625,143,2019,59.0,18,51,25,22,8,0,1,66,16,1,1,0,3,3,255),(1291,663432,120,2019,48.1,38,74,22,21,6,3,4,32,9,0,0,0,7,0,214),(1292,661403,140,2019,23.1,6,21,8,6,2,0,1,20,4,1,1,0,1,0,94),(1293,622491,113,2019,190.2,79,226,76,72,22,8,7,139,0,0,32,3,5,1,781),(1294,595881,137,2019,117.0,46,113,70,66,22,5,5,127,0,0,22,0,9,3,523),(1295,593833,120,2019,71.1,26,81,36,36,5,6,3,64,19,1,0,1,2,3,296),(1296,622505,116,2019,42.2,15,24,25,23,8,3,2,45,10,0,0,0,3,1,182),(1297,475054,139,2019,51.0,31,65,27,23,3,11,1,49,25,1,0,1,3,1,229),(1298,458677,121,2019,39.0,19,44,12,11,4,7,2,33,9,4,0,1,4,0,166),(1299,606131,135,2019,72.0,18,55,34,32,6,4,2,69,7,0,1,0,3,0,296),(1300,458681,140,2019,208.1,59,246,89,85,21,8,8,195,0,0,33,0,18,6,875),(1301,595918,114,2019,26.0,8,30,16,11,4,1,0,31,0,1,0,0,0,2,118),(1302,477132,119,2019,178.1,41,189,63,60,28,3,2,145,0,0,28,1,7,1,706),(1303,606149,138,2019,74.0,16,93,19,19,9,2,3,44,19,1,0,1,3,1,279),(1304,458708,144,2019,79.1,7,51,35,33,14,0,0,82,7,2,1,0,2,2,320),(1305,622554,143,2019,24.2,12,29,13,11,3,1,1,24,9,0,0,0,1,0,110),(1306,606160,140,2019,29.0,5,34,8,8,5,1,2,23,7,0,0,1,0,0,113),(1307,544727,121,2019,60.0,42,63,39,38,7,6,3,62,14,0,0,0,3,1,274),(1308,489446,135,2019,60.2,13,101,14,8,2,3,7,41,0,41,0,0,2,1,243),(1309,628711,119,2019,79.2,27,85,28,22,7,4,5,59,8,4,8,1,2,1,326),(1310,456696,113,2019,42.2,20,53,39,38,7,2,1,53,12,2,0,0,1,3,198);
/*!40000 ALTER TABLE `mlb_pitching_stats` ENABLE KEYS */;
UNLOCK TABLES;

--
-- Table structure for table `mlb_player`
--

DROP TABLE IF EXISTS `mlb_player`;
/*!40101 SET @saved_cs_client     = @@character_set_client */;
 SET character_set_client = utf8mb4 ;
CREATE TABLE `mlb_player` (
  `MLB_PLAYER_ID` int(11) NOT NULL,
  `FULL_NAME` varchar(50) DEFAULT NULL,
  `PRIMARY_POSITION` varchar(10) DEFAULT NULL,
  `ARM_THROWS` varchar(5) DEFAULT NULL,
  `BATS` varchar(5) DEFAULT NULL,
  `JERSEY_NUMBER` int(5) DEFAULT NULL,
  PRIMARY KEY (`MLB_PLAYER_ID`)
) ENGINE=InnoDB DEFAULT CHARSET=utf8mb4 COLLATE=utf8mb4_0900_ai_ci;
/*!40101 SET character_set_client = @saved_cs_client */;

--
-- Dumping data for table `mlb_player`
--

LOCK TABLES `mlb_player` WRITE;
/*!40000 ALTER TABLE `mlb_player` DISABLE KEYS */;
INSERT INTO `mlb_player` VALUES (282332,'Sabathia, CC','P','L','L',52),(405395,'Pujols, Albert','1B','R','R',5),(407845,'Rodney, Fernando','P','R','R',56),(408234,'Cabrera, Miguel','1B','R','R',24),(424144,'Perez, Oliver','P','L','L',39),(425772,'Mathis, Jeff','C','R','R',2),(425783,'Choo, Shin-Soo','LF','L','L',17),(425794,'Wainwright, Adam','P','R','R',50),(425844,'Greinke, Zack','P','R','R',21),(425877,'Molina, Yadier','C','R','R',4),(429664,'Cano, Robinson','2B','R','L',24),(429665,'Encarnacion, Edwin','1B','R','R',30),(430935,'Hamels, Cole','P','L','L',35),(430945,'Jones, Adam','RF','R','R',10),(431145,'Martin, Russell','C','R','R',55),(433589,'Petit, Yusmeiro','P','R','R',36),(434158,'Granderson, Curtis','LF','R','L',21),(434378,'Verlander, Justin','P','R','R',35),(434538,'Liriano, Francisco','P','L','L',47),(434671,'Sanchez, Anibal','P','R','R',19),(434778,'Morales, Kendrys','DH','R','S',12),(435043,'Duke, Zach','P','L','L',32),(435062,'Kendrick, Howie','3B','R','R',47),(435079,'Kinsler, Ian','2B','R','R',3),(435263,'McCann, Brian','C','R','L',16),(435522,'Walker, Neil','1B','R','S',18),(435559,'Suzuki, Kurt','C','R','R',28),(435622,'Desmond, Ian','CF','R','R',20),(443558,'Cruz, Nelson','DH','R','R',23),(444468,'Rondon, Hector','P','R','R',30),(444482,'Peralta, David','LF','L','L',6),(444489,'Pina, Manny','C','R','R',9),(445055,'Jay, Jon','CF','L','L',45),(445197,'Dunn, Mike','P','L','L',38),(445213,'Kintzler, Brandon','P','R','R',20),(445276,'Jansen, Kenley','P','R','S',74),(445926,'Chavez, Jesse','P','R','R',53),(445988,'Prado, Martin','1B','R','R',14),(446263,'Duda, Lucas','1B','R','L',9),(446308,'Wieters, Matt','C','R','S',32),(446334,'Longoria, Evan','3B','R','R',10),(446359,'Cozart, Zack','3B','R','R',7),(446481,'Rodriguez, Sean','SS','R','R',13),(448281,'Doolittle, Sean','P','L','L',63),(448602,'Reynolds, Mark','1B','R','R',12),(448609,'Sipp, Tony','P','L','L',36),(448801,'Davis, Chris','1B','R','L',19),(448855,'Guerra, Junior','P','R','R',41),(450203,'Morton, Charlie','P','R','R',50),(450314,'Zobrist, Ben','RF','R','S',18),(451584,'Davis, Wade','P','R','R',71),(451594,'Fowler, Dexter','RF','R','S',25),(452095,'Flowers, Tyler','C','R','R',25),(452254,'Pence, Hunter','DH','R','R',24),(452657,'Lester, Jon','P','L','L',34),(452678,'Cabrera, Asdrubal','3B','R','S',13),(453172,'Hughes, Jared','P','R','R',48),(453178,'Kennedy, Ian','P','R','R',31),(453192,'Miller, Andrew','P','L','L',21),(453265,'Watson, Tony','P','L','L',56),(453281,'LeBlanc, Wade','P','L','L',49),(453284,'Parker, Blake','P','R','R',38),(453286,'Scherzer, Max','P','R','R',31),(453343,'Melancon, Mark','P','R','R',36),(453562,'Arrieta, Jake','P','R','R',49),(453568,'Blackmon, Charlie','RF','L','L',19),(453943,'Frazier, Todd','3B','R','R',21),(455104,'Iannetta, Chris','C','R','R',22),(455117,'Maldonado, Martin','C','R','R',38),(455119,'Martin, Chris','P','R','R',51),(455139,'Chirinos, Robinson','C','R','R',28),(455976,'Markakis, Nick','RF','L','L',22),(456034,'Price, David','P','L','L',10),(456078,'Castillo, Welington','C','R','R',21),(456488,'Nunez, Eduardo','2B','R','R',36),(456696,'Hernandez, David','P','R','R',37),(456715,'Cain, Lorenzo','CF','R','R',6),(456781,'Solano, Donovan','SS','R','R',7),(457705,'McCutchen, Andrew','LF','R','R',22),(457708,'Upton, Justin','LF','R','R',8),(457727,'Maybin, Cameron','LF','R','R',38),(457759,'Turner, Justin','3B','R','R',10),(457763,'Posey, Buster','C','R','R',28),(457803,'Bruce, Jay','RF','L','L',32),(457915,'Guerra, Javy','P','R','R',48),(457918,'Happ, J.A.','P','L','L',34),(458006,'Albers, Matt','P','R','L',43),(458015,'Votto, Joey','1B','R','L',19),(458677,'Wilson, Justin','P','L','L',38),(458681,'Lynn, Lance','P','R','S',35),(458708,'Tomlin, Josh','P','R','R',32),(458731,'Gardner, Brett','CF','L','L',11),(459429,'McGee, Jake','P','L','L',51),(459964,'Joyce, Matt','LF','R','L',14),(460075,'Braun, Ryan','LF','R','R',8),(460086,'Gordon, Alex','LF','R','L',4),(460283,'Blevins, Jerry','P','L','L',50),(461325,'Clippard, Tyler','P','R','R',36),(461872,'Swarzak, Anthony','P','R','R',38),(462101,'Andrus, Elvis','SS','R','R',1),(465041,'Cervelli, Francisco','C','R','R',29),(465657,'Soria, Joakim','P','R','R',48),(466320,'Cabrera, Melky','RF','L','S',53),(467008,'Strop, Pedro','P','R','R',46),(467055,'Sandoval, Pablo','3B','R','S',48),(467092,'Ramos, Wilson','C','R','R',40),(467100,'Nova, Ivan','P','R','R',46),(467793,'Santana, Carlos','1B','R','S',41),(467827,'Parra, Gerardo','LF','L','L',88),(471865,'Gonzalez, Carlos','RF','L','L',2),(471911,'Carrasco, Carlos','P','R','R',59),(472551,'Abad, Fernando','P','L','L',50),(472610,'Garcia, Luis','P','R','R',40),(473879,'Dyson, Sam','P','R','R',49),(474463,'Anderson, Brett','P','L','L',30),(474568,'Mercer, Jordy','SS','R','R',7),(474832,'Belt, Brandon','1B','L','L',9),(475054,'Roe, Chaz','P','R','R',52),(475174,'Alonso, Yonder','1B','R','L',13),(475253,'Smoak, Justin','1B','L','S',14),(475479,'Phelps, David','P','R','R',37),(475582,'Zimmerman, Ryan','1B','R','R',11),(476589,'Warren, Adam','P','R','R',17),(477132,'Kershaw, Clayton','P','L','L',22),(488671,'Avila, Alex','C','R','L',31),(488726,'Brantley, Michael','LF','L','L',23),(488748,'Buchter, Ryan','P','L','L',52),(488768,'Cashner, Andrew','P','R','R',54),(488771,'Castro, Jason','C','R','L',15),(489119,'Miley, Wade','P','L','L',20),(489265,'Romo, Sergio','P','R','R',54),(489334,'Stammen, Craig','P','R','R',34),(489446,'Yates, Kirby','P','R','L',39),(493200,'Oh, Seunghwan','P','R','R',18),(493329,'Gurriel, Yuli','1B','R','R',10),(493596,'Beckham, Gordon','SS','R','R',29),(493603,'Ottavino, Adam','P','R','S',0),(500135,'Rodriguez, Ronny','SS','R','R',60),(500743,'Rojas, Miguel','SS','R','R',19),(500779,'Quintana, Jose','P','L','R',62),(500871,'Escobar, Eduardo','3B','R','S',5),(500874,'Martinez, Jose','RF','R','R',38),(501303,'Adrianza, Ehire','3B','R','S',13),(501381,'Pineda, Michael','P','R','R',35),(501571,'Lagares, Juan','CF','R','R',12),(501593,'Avilan, Luis','P','L','L',43),(501625,'Alvarez, Jose','P','L','L',52),(501789,'Harris, Will','P','R','R',36),(501896,'Freese, David','1B','R','R',25),(501925,'Smith, Joe','P','R','R',38),(501981,'Davis, Khris','LF','R','R',2),(501985,'Minor, Mike','P','L','R',23),(502026,'Jeffress, Jeremy','P','R','R',32),(502042,'Archer, Chris','P','R','R',24),(502043,'Gibson, Kyle','P','R','R',44),(502054,'Pham, Tommy','LF','R','R',29),(502110,'Martinez, J.D.','LF','R','R',28),(502154,'Britton, Zack','P','L','L',53),(502188,'Samardzija, Jeff','P','R','R',29),(502190,'Leake, Mike','P','R','R',8),(502202,'Boxberger, Brad','P','R','R',26),(502210,'Reddick, Josh','RF','R','L',22),(502239,'Cahill, Trevor','P','R','R',53),(502273,'Freeman, Mike','2B','R','L',6),(502481,'Dyson, Jarrod','CF','R','L',1),(502517,'Murphy, Daniel','1B','R','L',9),(502624,'Anderson, Chase','P','R','R',57),(502671,'Goldschmidt, Paul','1B','R','R',46),(502706,'Holland, Derek','P','L','S',45),(502748,'Peacock, Brad','P','R','R',41),(503449,'Peralta, Wily','P','R','R',43),(503556,'Gonzalez, Marwin','3B','R','S',9),(504379,'Nicasio, Juan','P','R','R',12),(506433,'Darvish, Yu','P','R','R',11),(506702,'Leon, Sandy','C','R','S',3),(514888,'Altuve, Jose','2B','R','R',27),(514917,'Hernandez, Cesar','2B','R','S',16),(516416,'Segura, Jean','SS','R','R',2),(516770,'Castro, Starlin','2B','R','R',13),(516782,'Marte, Starling','CF','R','R',6),(516969,'Herrera, Kelvin','P','R','R',41),(517008,'Colome, Alex','P','R','R',48),(518397,'Alexander, Scott','P','L','L',75),(518452,'Bettis, Chad','P','R','R',35),(518489,'Brasier, Ryan','P','R','R',70),(518516,'Bumgarner, Madison','P','L','R',40),(518553,'Cishek, Steve','P','R','R',41),(518566,'Cole, Taylor','P','R','R',67),(518586,'Culberson, Charlie','LF','R','R',8),(518595,'dArnaud, Travis','C','R','R',37),(518614,'Descalso, Daniel','2B','R','L',3),(518617,'Diekman, Jake','P','L','L',35),(518618,'Dietrich, Derek','2B','R','L',22),(518626,'Donaldson, Josh','3B','R','R',20),(518633,'Duffy, Danny','P','L','L',41),(518692,'Freeman, Freddie','1B','R','L',5),(518715,'Gearrin, Cory','P','R','R',35),(518735,'Grandal, Yasmani','C','R','S',10),(518792,'Heyward, Jason','RF','L','L',22),(518813,'Holland, Greg','P','R','R',56),(518875,'Kelley, Shawn','P','R','R',27),(518876,'Kelly, Merrill','P','R','R',29),(518886,'Kimbrel, Craig','P','R','R',24),(518934,'LeMahieu, DJ','2B','R','R',26),(518960,'Lucroy, Jonathan','C','R','R',25),(519008,'McFarland, T.J.','P','L','L',30),(519048,'Moreland, Mitch','1B','L','L',18),(519058,'Moustakas, Mike','2B','R','L',11),(519096,'Otero, Dan','P','R','R',61),(519141,'Pomeranz, Drew','P','L','R',15),(519144,'Porcello, Rick','P','R','R',22),(519151,'Pressly, Ryan','P','R','R',55),(519203,'Rizzo, Anthony','1B','L','L',44),(519222,'Romine, Austin','C','R','R',28),(519242,'Sale, Chris','P','L','L',41),(519293,'Smith, Will','P','L','R',13),(519299,'Sogard, Eric','2B','R','L',5),(519326,'Strickland, Hunter','P','R','R',43),(519346,'Thames, Eric','1B','R','L',7),(519390,'Vogt, Stephen','C','R','L',21),(519393,'Walden, Marcus','P','R','R',64),(519443,'Workman, Brandon','P','R','R',44),(519455,'Zimmermann, Jordan','P','R','R',27),(520471,'Galvis, Freddy','SS','R','S',16),(520980,'Baez, Pedro','P','R','R',52),(521230,'Hendriks, Liam','P','R','R',16),(521655,'Font, Wilmer','P','R','R',63),(523253,'Forsythe, Logan','1B','R','R',41),(523260,'Kelly, Joe','P','R','R',17),(527038,'Flores, Wilmer','2B','R','R',41),(527048,'Perez, Martin','P','L','L',33),(527054,'Teheran, Julio','P','R','R',49),(532077,'Osuna, Roberto','P','R','R',54),(541645,'Garcia, Avisail','RF','R','R',24),(541650,'Perez, Hernan','2B','R','R',14),(542255,'Inciarte, Ender','CF','L','L',11),(542303,'Ozuna, Marcell','LF','R','R',23),(542340,'Villar, Jonathan','2B','R','S',2),(542454,'Santana, Danny','OF','R','S',38),(542583,'Aguilar, Jesus','1B','R','R',24),(542585,'Cisnero, Jose','P','R','R',67),(542882,'Andriese, Matt','P','R','R',35),(542888,'Armstrong, Shawn','P','R','R',37),(542914,'Bass, Anthony','P','R','R',52),(542921,'Beckham, Tim','SS','R','R',1),(542932,'Berti, Jon','3B','R','R',55),(542947,'Bleier, Richard','P','L','L',48),(542953,'Boshers, Buddy','P','L','L',67),(542960,'Brach, Brad','P','R','R',29),(542979,'Broxton, Keon','CF','R','R',4),(543022,'Chatwood, Tyler','P','R','R',32),(543037,'Cole, Gerrit','P','R','R',45),(543045,'Conley, Adam','P','L','L',61),(543063,'Crawford, Brandon','SS','R','L',35),(543068,'Cron, C.J.','1B','R','R',24),(543101,'DeSclafani, Anthony','P','R','R',28),(543105,'Dickerson, Alex','LF','L','L',8),(543118,'Drake, Oliver','P','R','R',47),(543135,'Eovaldi, Nathan','P','R','R',17),(543208,'Gaviglio, Sam','P','R','R',43),(543228,'Gomes, Yan','C','R','R',10),(543243,'Gray, Sonny','P','R','R',54),(543257,'Grossman, Robbie','LF','L','S',8),(543272,'Hand, Brad','P','L','L',33),(543278,'Hardy, Blaine','P','L','L',36),(543281,'Harrison, Josh','2B','R','R',1),(543294,'Hendricks, Kyle','P','R','R',28),(543305,'Hicks, Aaron','CF','R','S',31),(543308,'Hicks, John','C','R','R',55),(543333,'Hosmer, Eric','1B','L','L',30),(543339,'Hudson, Daniel','P','R','R',46),(543351,'Jackson, Jay','P','R','R',25),(543401,'Kipnis, Jason','2B','R','L',22),(543483,'Magill, Matt','P','R','R',68),(543507,'May, Trevor','P','R','R',65),(543510,'McCann, James','C','R','R',33),(543521,'McHugh, Collin','P','R','R',31),(543543,'Miller, Brad','2B','R','L',NULL),(543548,'Milone, Tommy','P','L','L',57),(543592,'Nola, Austin','C','R','R',23),(543606,'Odorizzi, Jake','P','R','R',12),(543685,'Rendon, Anthony','3B','R','R',6),(543699,'Roark, Tanner','P','R','R',60),(543760,'Semien, Marcus','SS','R','R',10),(543766,'Shaw, Bryan','P','R','S',29),(543768,'Shaw, Travis','3B','R','L',21),(543807,'Springer, George','RF','R','R',4),(543829,'Gordon, Dee','2B','R','L',9),(543877,'Vazquez, Christian','C','R','R',7),(543939,'Wong, Kolten','2B','R','L',16),(544369,'Gregorius, Didi','SS','R','L',18),(544725,'Garcia, Leury','CF','R','S',28),(544727,'Familia, Jeurys','P','R','R',27),(544931,'Strasburg, Stephen','P','R','R',37),(545064,'Diaz, Jairo','P','R','R',37),(545121,'Vargas, Ildemaro','2B','R','S',15),(545333,'Bauer, Trevor','P','R','R',47),(545341,'Grichuk, Randal','CF','R','R',15),(545350,'Marisnick, Jake','CF','R','R',6),(545361,'Trout, Mike','CF','R','R',27),(546318,'Herrera, Odubel','CF','R','L',37),(546991,'Almora Jr., Albert','CF','R','R',5),(547004,'Ruiz, Rio','3B','R','L',14),(547172,'Wolters, Tony','C','R','L',14),(547179,'Lorenzen, Michael','P','R','R',21),(547180,'Harper, Bryce','RF','R','L',3),(547379,'Perez, Roberto','C','R','R',55),(547888,'Tanaka, Masahiro','P','R','R',19),(547943,'Ryu, Hyun-Jin','P','L','R',99),(547973,'Chapman, Aroldis','P','L','L',54),(547982,'Martin, Leonys','CF','R','L',2),(547989,'Abreu, Jose','1B','R','R',79),(548389,'Stripling, Ross','P','R','R',68),(552640,'Kittredge, Andrew','P','R','R',36),(553869,'Diaz, Elias','C','R','R',32),(553878,'Vazquez, Felipe','P','L','L',73),(553882,'Narvaez, Omar','C','R','L',22),(553902,'Astudillo, Willians','C','R','R',64),(553993,'Suarez, Eugenio','3B','R','R',7),(554340,'Garcia, Yimi','P','R','R',63),(554430,'Wheeler, Zack','P','R','L',45),(570240,'Pena, Felix','P','R','R',64),(570256,'Polanco, Gregory','RF','L','L',25),(570267,'Santana, Domingo','LF','R','R',16),(570481,'Gonzalez, Erik','SS','R','R',2),(570482,'Urshela, Gio','3B','R','R',29),(570560,'Sanchez, Yolmer','2B','R','S',5),(570632,'Urena, Jose','P','R','R',62),(570663,'Robles, Hansel','P','R','R',57),(570666,'Cessa, Luis','P','R','R',85),(570731,'Schoop, Jonathan','2B','R','R',16),(571431,'Adams, Matt','1B','R','L',15),(571448,'Arenado, Nolan','3B','R','R',28),(571466,'Barnhart, Tucker','C','R','L',16),(571506,'Bour, Justin','1B','R','L',41),(571510,'Boyd, Matthew','P','L','L',48),(571578,'Corbin, Patrick','P','L','L',46),(571656,'Farmer, Buck','P','R','L',45),(571657,'Farmer, Kyle','2B','R','R',52),(571666,'Fiers, Mike','P','R','R',50),(571670,'Floro, Dylan','P','R','L',51),(571704,'Giles, Ken','P','R','R',51),(571710,'Givens, Mychal','P','R','R',60),(571718,'Goodwin, Brian','LF','R','L',18),(571740,'Hamilton, Billy','CF','R','S',9),(571745,'Haniger, Mitch','RF','R','R',17),(571771,'Hernandez, Enrique','2B','R','R',14),(571788,'Holt, Brock','2B','R','L',12),(571858,'Kline, Branden','P','R','R',52),(571875,'Lamb, Jake','1B','R','L',22),(571882,'Law, Derek','P','R','R',64),(571912,'Maile, Luke','C','R','R',21),(571927,'Matz, Steven','P','L','R',32),(571945,'Mikolas, Miles','P','R','R',39),(571970,'Muncy, Max','1B','R','L',13),(571976,'Myers, Wil','LF','R','R',4),(571980,'Naquin, Tyler','RF','R','L',30),(572008,'Owings, Chris','2B','R','R',36),(572020,'Paxton, James','P','L','L',65),(572033,'Phegley, Josh','C','R','R',19),(572039,'Piscotty, Stephen','RF','R','R',25),(572041,'Pollock, A.J.','CF','R','R',11),(572073,'Rickard, Joey','RF','L','R',23),(572122,'Seager, Kyle','3B','R','L',15),(572193,'Tepera, Ryan','P','R','R',52),(572228,'Voit, Luke','1B','R','R',45),(572233,'Walker, Christian','1B','R','R',53),(572287,'Zunino, Mike','C','R','R',10),(572362,'Erlin, Robbie','P','L','R',41),(572365,'Goins, Ryan','2B','R','L',17),(572403,'VerHagen, Drew','P','R','R',54),(572703,'Bard, Luke','P','R','R',39),(572761,'Carpenter, Matt','3B','R','L',13),(572816,'Dickerson, Corey','LF','R','L',12),(572821,'Dozier, Brian','2B','R','R',9),(572888,'Greene, Shane','P','R','R',19),(573046,'Morin, Mike','P','R','R',51),(573124,'Rogers, Taylor','P','L','L',55),(573186,'Stroman, Marcus','P','R','R',6),(573262,'Yastrzemski, Mike','LF','L','L',5),(573668,'Minaya, Juan','P','R','R',37),(575929,'Contreras, Willson','C','R','R',40),(578428,'Iglesias, Jose','SS','R','R',4),(579328,'Kikuchi, Yusei','P','L','L',18),(580792,'Goody, Nick','P','R','R',44),(584171,'Velazquez, Hector','P','R','R',76),(588751,'Hechavarria, Adeiny','2B','R','R',24),(591741,'Osuna, Jose','3B','R','R',36),(592094,'Adam, Jason','P','R','R',48),(592102,'Allen, Cody','P','R','R',37),(592122,'Austin, Tyler','1B','R','R',31),(592135,'Bedrosian, Cam','P','R','R',32),(592165,'Brennan, Brandon','P','R','R',65),(592169,'Brice, Austin','P','R','R',37),(592178,'Bryant, Kris','3B','R','R',17),(592192,'Canha, Mark','OF','R','R',20),(592200,'Casali, Curt','C','R','R',12),(592206,'Castellanos, Nick','RF','R','R',6),(592222,'Claudio, Alex','P','L','L',58),(592233,'Crichton, Stefan','P','R','R',58),(592261,'DeShields, Delino','CF','R','R',3),(592273,'Drury, Brandon','3B','R','R',3),(592314,'Foltynewicz, Mike','P','R','R',26),(592325,'Gamel, Ben','LF','L','L',16),(592348,'Goodrum, Niko','LF','R','S',28),(592351,'Gray, Jon','P','R','R',55),(592387,'Healy, Ryon','3B','R','R',27),(592390,'Hembree, Heath','P','R','R',37),(592407,'Holaday, Bryan','C','R','R',28),(592426,'Jackson, Luke','P','R','R',77),(592444,'Jones, JaCoby','CF','R','R',21),(592450,'Judge, Aaron','RF','R','R',99),(592454,'Kahnle, Tommy','P','R','R',48),(592473,'Kolarek, Adam','P','L','L',56),(592518,'Machado, Manny','SS','R','R',13),(592567,'Moran, Colin','3B','R','L',19),(592612,'Osich, Josh','P','L','L',64),(592626,'Pederson, Joc','LF','L','L',31),(592644,'Plutko, Adam','P','R','R',45),(592662,'Ray, Robbie','P','L','L',38),(592663,'Realmuto, J.T.','C','R','R',10),(592669,'Renfroe, Hunter','LF','R','R',10),(592696,'Rosario, Eddie','LF','R','L',20),(592716,'Sampson, Adrian','P','R','R',52),(592717,'Sanchez, Aaron','P','R','R',41),(592743,'Simmons, Andrelton','SS','R','R',2),(592761,'Smith, Caleb','P','L','R',31),(592773,'Stanek, Ryne','P','R','R',55),(592789,'Syndergaard, Noah','P','R','L',34),(592815,'Tuivailala, Sam','P','R','R',26),(592826,'Velasquez, Vince','P','R','R',21),(592858,'Wick, Rowan','P','R','L',50),(592859,'Wilkerson, Stevie','CF','R','S',12),(592866,'Williams, Trevor','P','R','R',34),(592885,'Yelich, Christian','RF','R','L',22),(593140,'Feliz, Michael','P','R','R',45),(593144,'Rodriguez, Richard','P','R','R',81),(593160,'Merrifield, Whit','2B','R','R',15),(593334,'German, Domingo','P','R','R',55),(593372,'Martinez, Carlos','P','R','R',18),(593428,'Bogaerts, Xander','SS','R','R',2),(593523,'Hernandez, Marco','3B','R','L',40),(593576,'Neris, Hector','P','R','R',50),(593643,'Alberto, Hanser','2B','R','R',57),(593679,'Ynoa, Gabriel','P','R','R',64),(593833,'Suero, Wander','P','R','R',51),(593871,'Polanco, Jorge','SS','R','S',11),(593934,'Sano, Miguel','3B','R','R',22),(593958,'Rodriguez, Eduardo','P','L','L',57),(593974,'Peralta, Wandy','P','L','L',53),(594011,'Herrera, Rosell','CF','R','S',5),(594027,'Guerrero, Tayron','P','R','R',56),(594311,'Gustave, Jandel','P','R','R',74),(594694,'Difo, Wilmer','2B','R','S',1),(594777,'Calhoun, Kole','RF','L','L',56),(594798,'deGrom, Jacob','P','R','L',48),(594807,'Duvall, Adam','LF','R','R',23),(594809,'Eaton, Adam','RF','L','L',2),(594824,'Garcia, Greg','2B','R','L',5),(594835,'Gonzales, Marco','P','L','L',7),(594840,'Grace, Matt','P','L','L',33),(594986,'Ryan, Kyle','P','L','L',56),(594987,'Sadler, Casey','P','R','R',65),(595014,'Treinen, Blake','P','R','R',39),(595281,'Kiermaier, Kevin','CF','R','L',39),(595284,'Knapp, Andrew','C','R','S',15),(595375,'Riddle, JT','SS','R','L',10),(595465,'Winkler, Dan','P','R','R',58),(595751,'Alfaro, Jorge','C','R','R',38),(595777,'Profar, Jurickson','2B','R','S',23),(595879,'Baez, Javier','SS','R','R',9),(595881,'Beede, Tyler','P','R','R',38),(595909,'Cave, Jake','CF','L','L',60),(595918,'Cole, A.J.','P','R','R',34),(595956,'Gallagher, Cam','C','R','R',36),(595978,'Hedges, Austin','C','R','R',18),(596001,'Junis, Jakob','P','R','R',65),(596019,'Lindor, Francisco','SS','R','S',12),(596057,'Norris, Daniel','P','L','L',44),(596059,'Odor, Rougned','2B','R','L',12),(596101,'Shafer, Justin','P','R','R',50),(596103,'Slater, Austin','LF','R','R',53),(596105,'Smith Jr, Dwight','LF','R','L',35),(596112,'Stephenson, Robert','P','R','R',55),(596115,'Story, Trevor','SS','R','R',27),(596129,'Vogelbach, Daniel','1B','R','L',20),(596142,'Sanchez, Gary','C','R','R',24),(596144,'Cuthbert, Cheslor','3B','R','R',19),(596146,'Kepler, Max','RF','L','L',26),(596451,'Quinn, Roman','CF','R','S',24),(596748,'Franco, Maikel','3B','R','R',7),(596847,'Choi, Ji-Man','1B','R','L',26),(597113,'Johnson, DJ','P','R','L',63),(598264,'Barnes, Matt','P','R','R',32),(598265,'Bradley Jr., Jackie','CF','R','L',19),(598271,'Johnson, Brian','P','L','L',61),(598286,'Ramirez, Nick','P','L','L',63),(598287,'Ramirez, Noe','P','R','R',24),(600303,'La Stella, Tommy','2B','R','L',9),(600474,'Severino, Pedro','C','R','R',28),(600524,'Nunez, Renato','3B','R','R',39),(600858,'Arteaga, Humberto','3B','R','R',2),(600869,'Candelario, Jeimer','3B','R','S',46),(600917,'Leclerc, Jose','P','R','R',25),(601713,'Pivetta, Nick','P','R','R',43),(602074,'Daza, Yonathan','LF','R','R',31),(602922,'Rondon, Jose','2B','R','R',6),(605113,'Ahmed, Nick','SS','R','R',13),(605119,'Anderson, Brian','3B','R','R',15),(605121,'Anderson, Justin','P','R','L',38),(605130,'Barlow, Scott','P','R','R',58),(605131,'Barnes, Austin','C','R','R',15),(605135,'Bassitt, Chris','P','R','R',40),(605137,'Bell, Josh','1B','R','S',55),(605141,'Betts, Mookie','RF','R','R',50),(605151,'Bradley, Archie','P','R','R',25),(605154,'Brebbia, John','P','R','L',60),(605155,'Brewer, Colten','P','R','R',54),(605164,'Bundy, Dylan','P','R','S',37),(605170,'Caratini, Victor','C','R','S',7),(605177,'Chafin, Andrew','P','L','R',40),(605182,'Clevinger, Mike','P','R','R',52),(605195,'Crick, Kyle','P','R','L',30),(605200,'Davies, Zach','P','R','R',27),(605204,'Davis, J.D.','3B','R','R',28),(605233,'Fisher, Derek','RF','R','L',20),(605240,'Fry, Jace','P','L','L',57),(605276,'Hess, David','P','R','R',41),(605280,'Holmes, Clay','P','R','R',52),(605288,'Houser, Adrian','P','R','R',37),(605309,'Kela, Keone','P','R','R',35),(605347,'Lopez, Jorge','P','R','R',28),(605359,'Marshall, Evan','P','R','R',43),(605388,'Morgan, Adam','P','L','L',46),(605397,'Musgrove, Joe','P','R','R',59),(605400,'Nola, Aaron','P','R','R',27),(605412,'Panik, Joe','2B','R','L',2),(605446,'Rodriguez, Dereck','P','R','R',57),(605452,'Ross, Joe','P','R','R',41),(605480,'Smith, Mallex','CF','R','L',0),(605483,'Snell, Blake','P','L','L',4),(605486,'Spangenberg, Cory','3B','R','L',5),(605488,'Springs, Jeffrey','P','L','L',54),(605490,'Starling, Bubba','CF','R','R',11),(605498,'Suarez, Andrew','P','L','L',59),(605501,'Tarpley, Stephen','P','L','R',71),(605508,'Tilson, Charlie','RF','L','L',22),(605513,'Turnbull, Spencer','P','R','R',56),(605525,'Wendelken, J.B.','P','R','R',57),(605538,'Wisler, Matt','P','R','R',44),(605540,'Woodruff, Brandon','P','R','L',53),(605612,'Castro, Harold','3B','R','L',30),(606115,'Arcia, Orlando','SS','R','R',3),(606131,'Perdomo, Luis','P','R','R',61),(606132,'Tapia, Raimel','LF','L','L',15),(606149,'Gallegos, Giovanny','P','R','R',65),(606157,'Aquino, Aristides','RF','R','R',44),(606160,'Montero, Rafael','P','R','R',48),(606192,'Hernandez, Teoscar','LF','R','R',37),(606273,'Elias, Roenis','P','L','L',55),(606299,'Peraza, Jose','2B','R','R',9),(606424,'Garcia, Jarlin','P','L','L',66),(606466,'Marte, Ketel','CF','R','S',4),(606625,'Moronta, Reyes','P','R','R',54),(606965,'Devenski, Chris','P','R','R',47),(606988,'Greiner, Grayson','C','R','R',17),(607043,'Nimmo, Brandon','CF','R','L',9),(607054,'Peterson, Jace','3B','R','L',23),(607200,'Fedde, Erick','P','R','R',23),(607208,'Turner, Trea','SS','R','R',7),(607229,'Gsellman, Robert','P','R','R',65),(607231,'Gant, John','P','R','R',53),(607237,'Garrett, Amir','P','L','R',50),(607345,'Smith, Kevan','C','R','R',44),(607352,'Biagini, Joe','P','R','R',31),(607457,'Barraclough, Kyle','P','R','R',20),(607461,'Beaty, Matt','1B','R','L',45),(607481,'Bummer, Aaron','P','L','L',39),(607536,'Freeland, Kyle','P','L','L',21),(607560,'Harper, Ryne','P','R','R',19),(607625,'Lugo, Seth','P','R','R',67),(607644,'Means, John','P','L','L',67),(607680,'Pillar, Kevin','CF','R','R',11),(607732,'Stallings, Jacob','C','R','R',58),(607752,'Travis, Sam','1B','R','R',59),(608032,'Estevez, Carlos','P','R','R',54),(608070,'Ramirez, Jose','3B','R','S',11),(608324,'Bregman, Alex','3B','R','R',2),(608331,'Fried, Max','P','L','L',54),(608336,'Gallo, Joey','CF','R','L',13),(608337,'Giolito, Lucas','P','R','R',27),(608348,'Kelly, Carson','C','R','R',18),(608365,'Russell, Addison','2B','R','R',27),(608369,'Seager, Corey','SS','R','L',5),(608371,'Sims, Lucas','P','R','R',39),(608379,'Wacha, Michael','P','R','R',52),(608384,'Williams, Nick','LF','L','L',5),(608385,'Winker, Jesse','LF','L','L',33),(608475,'Lugo, Dawel','3B','R','R',18),(608566,'Marquez, German','P','R','R',48),(608577,'Mazara, Nomar','RF','L','L',30),(608596,'Murphy, Tom','C','R','R',2),(608597,'Guzman, Ronald','1B','L','L',11),(608638,'Chargois, JT','P','R','S',47),(608648,'Duffey, Tyler','P','R','R',21),(608678,'Leone, Dominic','P','R','R',55),(608700,'Plawecki, Kevin','C','R','R',27),(608717,'Stratton, Chris','P','R','R',46),(609275,'Mondesi, Adalberto','SS','R','S',27),(612434,'Castro, Miguel','P','R','R',50),(612672,'Chen, Wei-Yin','P','L','R',20),(613534,'Adams, Austin','P','R','R',63),(614177,'Reyes, Franmil','RF','R','R',32),(614179,'Ruiz, Jose','P','R','R',66),(615698,'Quantrill, Cal','P','R','L',40),(621002,'Robertson, Daniel','3B','R','R',28),(621005,'Lopes, Tim','2B','R','R',10),(621006,'Martin, Richie','SS','R','R',1),(621020,'Swanson, Dansby','SS','R','R',7),(621028,'Newman, Kevin','SS','R','R',27),(621035,'Taylor, Chris','LF','R','R',3),(621043,'Correa, Carlos','SS','R','R',1),(621107,'Eflin, Zach','P','R','R',56),(621111,'Buehler, Walker','P','R','R',21),(621142,'Buttrey, Ty','P','R','L',31),(621199,'Bowman, Matt','P','R','R',67),(621237,'Alvarado, Jose','P','L','L',46),(621242,'Diaz, Edwin','P','R','R',39),(621244,'Berrios, Jose','P','R','R',17),(621295,'Wittgren, Nick','P','R','R',62),(621311,'Dahl, David','LF','R','L',26),(621345,'Minter, A.J.','P','L','L',33),(621363,'Poche, Colin','P','L','L',38),(621381,'Strahm, Matt','P','L','R',55),(621385,'Stumpf, Daniel','P','L','L',68),(621397,'Olson, Tyler','P','L','R',49),(621439,'Buxton, Byron','CF','R','R',25),(621446,'Brinson, Lewis','CF','R','R',9),(621453,'Duggar, Steven','RF','R','L',6),(621466,'Stewart, DJ','RF','R','L',24),(621512,'Nido, Tomas','C','R','R',3),(621514,'Stewart, Christin','LF','R','L',14),(621563,'Wendle, Joey','2B','R','L',18),(621566,'Olson, Matt','1B','R','L',28),(621573,'Dean, Austin','LF','R','R',44),(622075,'Almonte, Yency','P','R','S',62),(622103,'Reyes, Gerardo','P','R','R',64),(622110,'Duffy, Matt','3B','R','R',5),(622168,'Munoz, Yairo','2B','R','R',34),(622259,'Wingenter, Trey','P','R','R',58),(622491,'Castillo, Luis','P','R','R',58),(622505,'Alcantara, Victor','P','R','R',58),(622534,'Margot, Manuel','CF','R','R',7),(622554,'Dominguez, Seranthony','P','R','R',58),(622569,'Reyes, Pablo','LF','R','R',15),(622608,'Senzatela, Antonio','P','R','R',49),(622666,'Camargo, Johan','3B','R','S',17),(622682,'Reyes, Victor','LF','R','S',22),(622694,'Hernandez, Elieser','P','R','R',57),(622772,'Cordero, Jimmy','P','R','R',66),(622786,'Tinoco, Jesus','P','R','R',32),(623184,'Oberg, Scott','P','R','R',45),(623352,'Hader, Josh','P','L','L',71),(623364,'Wieck, Brad','P','L','L',38),(623381,'Pannone, Thomas','P','L','L',45),(623433,'Anderson, Nick','P','R','R',70),(623465,'Phillips, Evan','P','R','R',58),(623470,'Newberry, Jake','P','R','R',68),(623520,'Bote, David','3B','R','R',13),(623912,'Ramirez, Harold','CF','R','R',47),(623993,'Santander, Anthony','LF','R','S',25),(624133,'Suarez, Ranger','P','L','L',55),(624413,'Alonso, Pete','1B','R','R',20),(624415,'Biggio, Cavan','2B','R','L',8),(624424,'Conforto, Michael','RF','R','L',30),(624428,'Frazier, Adam','2B','R','L',26),(624431,'Trevino, Jose','C','R','R',56),(624512,'McGuire, Reese','C','R','L',10),(624577,'Puig, Yasiel','RF','R','R',66),(624585,'Soler, Jorge','RF','R','R',12),(625643,'Lopez, Reynaldo','P','R','R',40),(628317,'Maeda, Kenta','P','R','R',18),(628338,'Heredia, Guillermo','CF','L','R',54),(628356,'Kang, Jung Ho','3B','R','R',16),(628452,'Iglesias, Raisel','P','R','R',26),(628711,'Urias, Julio','P','L','L',7),(630023,'Chirinos, Yonny','P','R','R',72),(640447,'Ervin, Phillip','RF','R','R',6),(640449,'Frazier, Clint','RF','R','R',77),(640457,'Meadows, Austin','RF','L','L',17),(640458,'Mercado, Oscar','RF','R','R',35),(640461,'Pinder, Chad','LF','R','R',18),(641154,'Lopez, Pablo','P','R','L',49),(641312,'Anderson, Shaun','P','R','R',64),(641313,'Anderson, Tim','SS','R','R',7),(641341,'Bashlor, Tyler','P','R','R',49),(641343,'Bauers, Jake','LF','L','L',10),(641355,'Bellinger, Cody','RF','L','L',35),(641432,'Calhoun, Willie','LF','R','L',5),(641470,'Collins, Zack','C','R','L',38),(641477,'Cordell, Ryan','RF','R','R',49),(641482,'Cortes, Nestor','P','L','R',67),(641487,'Crawford, J.P.','SS','R','L',3),(641513,'Demeritte, Travis','LF','R','R',50),(641525,'Dixon, Brandon','1B','R','R',12),(641531,'Dozier, Hunter','3B','R','R',17),(641553,'Engel, Adam','CF','R','R',15),(641598,'Garver, Mitch','C','R','R',18),(641627,'Gott, Trevor','P','R','R',58),(641658,'Hampson, Garrett','2B','R','R',1),(641712,'Hudson, Dakota','P','R','R',43),(641729,'Jimenez, Joe','P','R','R',77),(641745,'Keller, Brad','P','R','R',56),(641755,'Kinley, Tyler','P','R','R',39),(641778,'Lauer, Eric','P','L','R',46),(641793,'Littell, Zack','P','R','R',52),(641796,'Locastro, Tim','LF','R','R',16),(641816,'Mahle, Tyler','P','R','R',30),(641820,'Mancini, Trey','RF','R','R',16),(641835,'Mayza, Tim','P','L','L',58),(641838,'McCarthy, Kevin','P','R','R',61),(641856,'McKinney, Billy','LF','L','L',28),(641857,'McMahon, Ryan','2B','R','L',24),(641933,'ONeill, Tyler','LF','R','R',41),(641941,'Pagan, Emilio','P','R','L',15),(642082,'Sisco, Chance','C','R','L',15),(642086,'Smith, Dominic','1B','L','L',22),(642098,'Sparkman, Glenn','P','R','R',57),(642133,'Tellez, Rowdy','1B','L','L',44),(642136,'Thaiss, Matt','1B','R','L',23),(642152,'Trivino, Lou','P','R','R',62),(642165,'VanMeter, Josh','LF','R','L',17),(642180,'Wade, Tyler','SS','R','L',14),(642231,'Yacabonis, Jimmy','P','R','R',31),(642232,'Yarbrough, Ryan','P','L','R',48),(642336,'Mejia, Francisco','C','R','S',27),(642397,'Soto, Gregory','P','L','L',65),(642547,'Peralta, Freddy','P','R','R',51),(642558,'Jurado, Ariel','P','R','R',57),(642708,'Rosario, Amed','SS','R','R',1),(642715,'Adames, Willy','SS','R','R',1),(643217,'Benintendi, Andrew','LF','L','L',16),(643230,'Brault, Steven','P','L','L',43),(643256,'Cimber, Adam','P','R','R',90),(643265,'Cooper, Garrett','RF','R','R',26),(643289,'Dubon, Mauricio','SS','R','R',2),(643316,'Fry, Paul','P','L','L',51),(643327,'Godley, Zack','P','R','R',52),(643338,'Green, Chad','P','R','L',57),(643376,'Jansen, Danny','C','R','R',9),(643393,'Kemp, Tony','CF','R','L',4),(643396,'Kiner-Falefa, Isiah','3B','R','R',9),(643418,'Long Jr., Shed','2B','R','L',39),(643446,'McNeil, Jeff','LF','R','L',6),(643565,'Tauchman, Mike','CF','L','L',39),(643603,'White, Tyler','1B','R','R',13),(643617,'Reininger, Zac','P','R','S',26),(643778,'Webb, Tyler','P','L','L',30),(645261,'Alcantara, Sandy','P','R','R',22),(645277,'Albies, Ozzie','2B','R','S',1),(645302,'Robles, Victor','CF','R','R',16),(645801,'Ford, Mike','1B','R','L',36),(646240,'Devers, Rafael','3B','R','L',11),(647304,'Naylor, Josh','RF','L','L',22),(647336,'Soroka, Mike','P','R','R',40),(649557,'Diaz, Aledmys','2B','R','R',16),(649966,'Urias, Luis','2B','R','R',9),(650333,'Arraez, Luis','2B','R','L',2),(650382,'Hernandez, Darwinzon','P','L','L',63),(650391,'Jimenez, Eloy','LF','R','R',74),(650402,'Torres, Gleyber','SS','R','R',25),(650489,'Castro, Willi','SS','R','S',49),(650490,'Diaz, Yandy','3B','R','R',2),(650619,'Viloria, Meibrys','C','R','L',72),(650671,'Quijada, Jose','P','L','L',74),(650859,'Rengifo, Luis','2B','R','S',4),(650895,'Castillo, Diego','P','R','R',63),(656185,'Allen, Greg','LF','R','S',1),(656222,'Beeks, Jalen','P','L','L',68),(656257,'Brigham, Jeff','P','R','R',43),(656305,'Chapman, Matt','3B','R','R',26),(656308,'Chavis, Michael','2B','R','R',23),(656322,'Coonrod, Sam','P','R','R',65),(656371,'Diaz, Isan','2B','R','L',1),(656427,'Flaherty, Jack','P','R','R',22),(656464,'Ginkel, Kevin','P','R','L',37),(656514,'Haseley, Adam','CF','L','L',40),(656547,'Holder, Jonathan','P','R','R',56),(656555,'Hoskins, Rhys','1B','R','R',17),(656669,'Luplow, Jordan','RF','R','R',8),(656685,'Martin, Brett','P','L','L',59),(656794,'Newcomb, Sean','P','L','L',15),(656811,'OHearn, Ryan','1B','L','L',66),(656941,'Schwarber, Kyle','LF','R','L',12),(656945,'Scott, Tanner','P','L','R',66),(656977,'Sobotka, Chad','P','R','R',61),(657024,'Swanson, Erik','P','R','R',50),(657031,'Taylor, Josh','P','L','L',72),(657053,'Toussaint, Touki','P','R','R',62),(657061,'Tucker, Cole','SS','R','S',3),(657077,'Verdugo, Alex','CF','L','L',27),(657097,'Webb, Jacob','P','R','R',71),(657557,'DeJong, Paul','SS','R','R',12),(657571,'Ferguson, Caleb','P','L','R',64),(657610,'Hildenberger, Trevor','P','R','R',39),(657612,'Hill, Tim','P','L','R',54),(657624,'James, Josh','P','R','R',39),(657656,'Laureano, Ramon','CF','R','R',22),(658305,'Garcia, Edgar','P','R','R',66),(660162,'Moncada, Yoan','3B','R','S',10),(660271,'Ohtani, Shohei','DH','R','L',17),(660670,'Acuna Jr., Ronald','LF','R','R',13),(661255,'Lopez, Yoan','P','R','R',50),(661403,'Clase, Emmanuel','P','R','R',43),(662253,'Munoz, Andres','P','R','R',52),(663423,'Thornton, Trent','P','R','R',57),(663432,'Rainey, Tanner','P','R','R',21),(663586,'Riley, Austin','LF','R','R',27),(663757,'Grisham, Trent','RF','L','L',2),(663855,'Hicks, Jordan','P','R','R',49),(663978,'Paddack, Chris','P','R','R',59),(663992,'Lovelady, Richard','P','L','L',55),(663993,'Lowe, Nate','1B','R','L',35),(664023,'Happ, Ian','CF','R','S',8),(664034,'France, Ty','3B','R','R',11),(664040,'Lowe, Brandon','2B','R','L',8),(664056,'Bader, Harrison','CF','R','R',48),(664058,'Fletcher, David','3B','R','R',6),(664068,'Kingery, Scott','3B','R','R',4),(664129,'Hartlieb, Geoff','P','R','R',72),(664157,'Bergen, Travis','P','L','L',60),(664192,'Lucchesi, Joey','P','L','L',37),(664199,'Clarke, Taylor','P','R','R',45),(664208,'Maton, Phil','P','R','R',88),(664238,'Moore, Dylan','3B','R','R',25),(664285,'Valdez, Framber','P','L','L',59),(664702,'Straw, Myles','CF','R','R',26),(664854,'Helsley, Ryan','P','R','R',56),(665487,'Tatis Jr., Fernando','SS','R','R',23),(665489,'Guerrero Jr., Vladimir','3B','R','R',27),(665742,'Soto, Juan','LF','L','L',22),(666182,'Bichette, Bo','SS','R','R',11),(666971,'Gurriel Jr., Lourdes','LF','R','R',13),(668670,'Rogers, Jake','C','R','R',34),(668676,'Plesac, Zach','P','R','R',65),(668804,'Reynolds, Bryan','LF','R','S',10),(668942,'Rojas, Josh','3B','R','L',9),(669203,'Burnes, Corbin','P','R','R',39),(669222,'Senzel, Nick','CF','R','R',15),(669242,'Edman, Tommy','SS','R','S',19),(669256,'Solak, Nick','2B','R','R',15),(669257,'Smith, Will','C','R','R',16),(669374,'Hiura, Keston','2B','R','R',18),(669456,'Bieber, Shane','P','R','R',57),(670032,'Lopez, Nicky','2B','R','L',1),(670541,'Alvarez, Yordan','OF','R','L',44),(670712,'Brosseau, Michael','3B','R','R',43),(670950,'Richards, Trevor','P','R','R',34),(672773,'Luciano, Elvis','P','R','R',65),(673258,'Baez, Michel','P','R','R',49),(673633,'Hirano, Yoshihisa','P','R','R',66);
/*!40000 ALTER TABLE `mlb_player` ENABLE KEYS */;
UNLOCK TABLES;

--
-- Table structure for table `mlb_team`
--

DROP TABLE IF EXISTS `mlb_team`;
/*!40101 SET @saved_cs_client     = @@character_set_client */;
 SET character_set_client = utf8mb4 ;
CREATE TABLE `mlb_team` (
  `MLB_TEAM_ID` int(11) NOT NULL AUTO_INCREMENT,
  `TEAM_ID` int(11) DEFAULT NULL,
  `MLB_FRANCHISE_ID` int(5) DEFAULT NULL,
  `FULL_NAME` varchar(50) DEFAULT NULL,
  `SHORT_NAME` varchar(10) DEFAULT NULL,
  `LEAGUE` varchar(5) DEFAULT NULL,
  PRIMARY KEY (`MLB_TEAM_ID`),
  UNIQUE KEY `MT_CONST1` (`TEAM_ID`,`MLB_FRANCHISE_ID`,`FULL_NAME`)
) ENGINE=InnoDB AUTO_INCREMENT=271 DEFAULT CHARSET=utf8mb4 COLLATE=utf8mb4_0900_ai_ci;
/*!40101 SET character_set_client = @saved_cs_client */;

--
-- Dumping data for table `mlb_team`
--

LOCK TABLES `mlb_team` WRITE;
/*!40000 ALTER TABLE `mlb_team` DISABLE KEYS */;
INSERT INTO `mlb_team` VALUES (71,108,108,'Anaheim Angels','ANA','AL'),(72,146,146,'Miami Marlins','MIA','NL'),(73,139,139,'Tampa Bay Rays','TB','AL'),(74,298,298,'Baltimore Orioles','BAL','AL'),(75,143,143,'Philadelphia Phillies','PHI','NL'),(76,185,185,'Brooklyn Feds','BKF','FL'),(77,141,141,'Toronto Blue Jays','TOR','AL'),(78,133,133,'Oakland Athletics','OAK','AL'),(79,153,153,'Indianapolis Hoosier-Feds','IND','FL'),(80,144,144,'Boston Bees','BSN','NL'),(81,144,144,'Atlanta Braves','ATL','NL'),(82,136,136,'Seattle Mariners','SEA','AL'),(83,147,147,'New York Yankees','NYY','AL'),(84,191,191,'Chicago Whales','CWH','FL'),(85,153,153,'Newark Peppers','NWK','FL'),(86,176,176,'Pittsburgh Rebels','PRB','FL'),(87,138,138,'St. Louis Cardinals','STL','NL'),(88,108,108,'California Angels','CAL','AL'),(89,115,115,'Colorado Rockies','COL','NL'),(90,119,119,'Brooklyn Dodgers','BRO','NL'),(91,137,137,'New York Giants','NYG','NL'),(92,128,128,'Kansas City Packers','KC','FL'),(93,145,145,'Chicago White Sox','CWS','AL'),(94,144,144,'Milwaukee Braves','MIL','NL'),(95,110,110,'St. Louis Browns','SLB','AL'),(96,113,113,'Cincinnati Redlegs','CIN','NL'),(97,114,114,'Cleveland Bronchos','CLE','AL'),(98,147,147,'New York Highlanders','NYH','AL'),(99,146,146,'Florida Marlins','FLA','NL'),(100,189,189,'Buffalo Feds','BUF','FL'),(101,142,142,'Minnesota Twins','MIN','AL'),(102,108,108,'Los Angeles Angels','LAA','AL'),(103,118,118,'Kansas City Royals','KC','AL'),(104,113,113,'Cincinnati Reds','CIN','NL'),(105,119,119,'Brooklyn Robins','BRO','NL'),(106,158,158,'Seattle Pilots','SEA','AL'),(107,109,109,'Arizona Diamondbacks','ARI','NL'),(108,114,114,'Cleveland Indians','CLE','AL'),(109,110,110,'Baltimore Orioles','BAL','AL'),(110,140,140,'Texas Rangers','TEX','AL'),(111,120,120,'Washington Nationals','WSH','NL'),(112,119,119,'Los Angeles Dodgers','LA','NL'),(113,134,134,'Pittsburgh Pirates','PIT','NL'),(114,116,116,'Detroit Tigers','DET','AL'),(115,144,144,'Boston Rustlers','BSN','NL'),(116,144,144,'Boston Beaneaters','BSN','NL'),(117,133,133,'Kansas City Athletics','KCA','AL'),(118,133,133,'Philadelphia Athletics','PHA','AL'),(119,137,137,'San Francisco Giants','SF','NL'),(120,114,114,'Cleveland Blues','CLE','AL'),(121,144,144,'Boston Braves','BSN','NL'),(122,165,165,'Baltimore Terrapins','BAL','FL'),(123,112,112,'Chicago Orphans','CHI','NL'),(124,144,144,'Boston Doves','BSN','NL'),(125,112,112,'Chicago Cubs','CHC','NL'),(126,111,111,'Boston Americans','BOS','AL'),(127,110,110,'Milwaukee Brewers','MIL','AL'),(128,111,111,'Boston Red Sox','BOS','AL'),(129,197,197,'St. Louis Terriers','SLT','FL'),(130,117,117,'Houston Colt 45s','HOU','NL'),(131,117,117,'Houston Astros','HOU','NL'),(132,142,142,'Washington Senators','WAS','AL'),(133,135,135,'San Diego Padres','SD','NL'),(134,158,158,'Milwaukee Brewers','MIL','AL'),(135,140,140,'Washington Senators','WAS','AL'),(136,139,139,'Tampa Bay Devil Rays','TB','AL'),(137,114,114,'Cleveland Naps','CLE','AL'),(138,121,121,'New York Mets','NYM','NL'),(139,119,119,'Brooklyn Superbas','BRO','NL'),(140,120,120,'Montreal Expos','MON','NL');
/*!40000 ALTER TABLE `mlb_team` ENABLE KEYS */;
UNLOCK TABLES;
/*!40103 SET TIME_ZONE=@OLD_TIME_ZONE */;

/*!40101 SET SQL_MODE=@OLD_SQL_MODE */;
/*!40014 SET FOREIGN_KEY_CHECKS=@OLD_FOREIGN_KEY_CHECKS */;
/*!40014 SET UNIQUE_CHECKS=@OLD_UNIQUE_CHECKS */;
/*!40101 SET CHARACTER_SET_CLIENT=@OLD_CHARACTER_SET_CLIENT */;
/*!40101 SET CHARACTER_SET_RESULTS=@OLD_CHARACTER_SET_RESULTS */;
/*!40101 SET COLLATION_CONNECTION=@OLD_COLLATION_CONNECTION */;
/*!40111 SET SQL_NOTES=@OLD_SQL_NOTES */;

-- Dump completed on 2020-04-22 12:22:04
